ligand,pK(dsas)
1a9m_ligand,630.405945
1a1e_ligand,352.669922
1a28_ligand,383.061905
1a4w_ligand,511.055206
1a4r_ligand,312.251373
1a30_ligand,366.202179
1a94_ligand,767.424561
1aaq_ligand,610.080383
1adl_ligand,403.746216
1afk_ligand,307.563782
1a9q_ligand,160.013451
1afl_ligand,307.190948
1a99_ligand,178.607788
1aid_ligand,388.736908
1aj7_ligand,299.06041
1ai4_ligand,214.461197
1a69_ligand,290.607391
1ai7_ligand,158.309639
1ajv_ligand,581.697845
1ajx_ligand,551.295044
1ajp_ligand,211.571503
1ado_ligand,151.067429
1alw_ligand,195.931076
1apv_ligand,484.688538
1ajq_ligand,188.346542
1amk_ligand,176.194099
1amw_ligand,324.227951
1atr_ligand,391.345886
1ax0_ligand,208.854645
1b0h_ligand,595.022156
1b1h_ligand,568.693634
1b2h_ligand,534.240448
1b3f_ligand,539.526306
1b3g_ligand,517.877289
1b3h_ligand,576.114319
1b3l_ligand,443.88208
1b4h_ligand,507.289032
1b4z_ligand,501.705963
1b5h_ligand,485.685089
1b5i_ligand,509.69342
1b5j_ligand,530.835114
1b6j_ligand,655.287537
1b6k_ligand,655.315094
1b6l_ligand,562.04483
1b05_ligand,489.605835
1b6h_ligand,514.021576
1b8n_ligand,302.584137
1b8o_ligand,290.219559
1b7h_ligand,543.957153
1b38_ligand,404.755493
1b9j_ligand,521.632904
1b32_ligand,536.010864
1b40_ligand,553.247528
1b46_ligand,484.157898
1bai_ligand,774.508667
1b51_ligand,475.583496
1bdq_ligand,600.772583
1b52_ligand,496.339478
1bcu_ligand,225.255859
1b58_ligand,559.143555
1bhf_ligand,423.688599
1bju_ligand,276.460724
1bjv_ligand,295.634155
1bhx_ligand,436.106995
1bma_ligand,427.328705
1bgq_ligand,326.42128
1bm7_ligand,322.640472
1bty_ligand,185.618721
1br6_ligand,265.740387
1bv7_ligand,659.106537
1bv9_ligand,665.920837
1bwa_ligand,642.348755
1bwb_ligand,716.351013
1bp0_ligand,259.674149
1bxo_ligand,560.90744
1bxq_ligand,557.153473
1bzj_ligand,250.465012
1bq4_ligand,266.02771
1c4u_ligand,450.947083
1c5c_ligand,298.959152
1c5n_ligand,220.528931
1c5o_ligand,177.082321
1c3x_ligand,200.067963
1c5p_ligand,177.264305
1c5q_ligand,220.537323
1bzy_ligand,341.311661
1bxr_ligand,444.549805
1c5s_ligand,201.781555
1c5t_ligand,199.957596
1c70_ligand,700.681885
1c5x_ligand,234.472107
1c5y_ligand,207.341461
1ceb_ligand,191.494003
1c83_ligand,228.115402
1c86_ligand,250.163681
1c84_ligand,247.718216
1c87_ligand,230.065338
1c88_ligand,247.450317
1d3d_ligand,500.182037
1d3p_ligand,511.345123
1d4h_ligand,666.955414
1d4i_ligand,679.221527
1d4k_ligand,692.372467
1d4j_ligand,676.995789
1d4l_ligand,604.077148
1d4p_ligand,401.566223
1d7i_ligand,154.965424
1d4y_ligand,589.134552
1d7j_ligand,139.393883
1d6w_ligand,468.744232
1det_ligand,192.85524
1d9i_ligand,442.69101
1cet_ligand,242.893188
1dgm_ligand,245.361267
1df8_ligand,288.333374
1dhi_ligand,383.806702
1dar_ligand,290.779114
1dif_ligand,731.752594
1dhj_ligand,391.964172
1dl7_ligand,305.087967
1dmp_ligand,540.052612
1d2e_ligand,316.045654
1dqn_ligand,312.911179
1e1v_ligand,302.840622
1e1x_ligand,302.116669
1dud_ligand,283.433228
1e3v_ligand,325.755768
1e3g_ligand,344.892899
1drv_ligand,527.016571
1e2k_ligand,308.952286
1e2l_ligand,310.900269
1e5j_ligand,422.616699
1duv_ligand,293.097031
1e4h_ligand,264.585266
1eb2_ligand,392.711914
1ebw_ligand,668.803467
1eby_ligand,685.341614
1ebz_ligand,663.588928
1ec0_ligand,683.898651
1ec1_ligand,721.361481
1ec2_ligand,734.993866
1ec3_ligand,724.158966
1ecv_ligand,229.325439
1efy_ligand,280.522537
1ejn_ligand,360.516144
1e66_ligand,359.684174
1ela_ligand,367.79483
1elb_ligand,349.311218
1elc_ligand,442.704559
1eld_ligand,355.929077
1egh_ligand,157.050095
1ex8_ligand,571.807007
1ele_ligand,354.134094
1epo_ligand,578.970581
1ez9_ligand,399.665039
1ezq_ligand,472.301331
1f0r_ligand,390.091949
1f0s_ligand,374.97879
1f0t_ligand,346.098999
1f0u_ligand,392.89325
1ec9_ligand,197.459854
1ecq_ligand,197.28978
1f5k_ligand,178.110741
1f4e_ligand,272.591293
1f4x_ligand,258.332855
1f5l_ligand,231.088608
1f4f_ligand,361.39093
1f4g_ligand,449.391357
1f73_ligand,280.072464
1f74_ligand,272.809799
1fao_ligand,266.556244
1f8b_ligand,282.707275
1f8c_ligand,287.837921
1f8d_ligand,287.141312
1f8e_ligand,293.371124
1fcx_ligand,462.136139
1fch_ligand,551.878235
1fcy_ligand,458.012268
1fcz_ligand,449.447906
1fd0_ligand,470.194305
1fh7_ligand,249.70079
1fh8_ligand,243.052307
1fh9_ligand,264.21492
1fiv_ligand,835.530762
1fkb_ligand,444.190399
1fhd_ligand,265.858597
1fkg_ligand,359.2229
1fjs_ligand,429.455414
1fkh_ligand,364.403229
1fkf_ligand,509.682526
1fki_ligand,341.683472
1fkn_ligand,700.249756
1fl3_ligand,413.653961
1flr_ligand,327.066147
1fpc_ligand,482.499207
1fm9_ligand,639.558075
1fq5_ligand,710.737122
1fo0_ligand,978.624817
1fzj_ligand,800.110107
1fzk_ligand,785.184631
1fzm_ligand,885.90448
1fzq_ligand,298.104492
1g2k_ligand,633.523926
1fzo_ligand,785.267151
1g3d_ligand,222.716568
1g2l_ligand,461.418182
1g3e_ligand,264.704056
1g7f_ligand,398.978363
1g7g_ligand,456.915314
1g7v_ligand,372.666687
1g30_ligand,452.300781
1g7q_ligand,709.685486
1g35_ligand,654.648071
1g32_ligand,433.834686
1g74_ligand,395.890137
1g2o_ligand,290.43959
1g36_ligand,361.819214
1g85_ligand,244.952301
1gfy_ligand,244.501938
1gaf_ligand,309.493225
1gar_ligand,595.51181
1gai_ligand,421.329346
1ghv_ligand,258.835571
1ghz_ligand,220.776978
1gj6_ligand,312.661224
1gi7_ligand,225.403259
1gjc_ligand,292.200485
1gnm_ligand,614.776459
1gnn_ligand,604.985291
1gno_ligand,573.553375
1g98_ligand,233.710175
1gvw_ligand,603.136078
1gvx_ligand,684.831177
1gpk_ligand,320.52417
1gpn_ligand,318.686493
1gyx_ligand,147.98053
1gyy_ligand,169.217712
1gwv_ligand,255.593491
1h0a_ligand,257.059891
1gx8_ligand,378.485809
1grp_ligand,165.602692
1h6h_ligand,275.401215
1h4w_ligand,188.867943
1h5v_ligand,499.682098
1h1s_ligand,395.190552
1hbv_ligand,619.205872
1h46_ligand,315.206253
1hi3_ligand,202.811844
1h22_ligand,514.512543
1hi4_ligand,302.135101
1h23_ligand,539.691101
1hi5_ligand,231.86113
1h2t_ligand,472.606934
1hih_ligand,619.153168
1hmr_ligand,415.68335
1hii_ligand,621.171722
1hms_ligand,425.478485
1hmt_ligand,416.211578
1hos_ligand,650.178131
1hn4_ligand,604.546692
1hpo_ligand,475.289825
1hps_ligand,642.845306
1hk4_ligand,386.138336
1hpv_ligand,550.251892
1hpx_ligand,591.922241
1hsh_ligand,656.083527
1hp5_ligand,235.690735
1hvh_ligand,573.1922
1hvi_ligand,720.633698
1hvj_ligand,713.62677
1hvk_ligand,733.666931
1hvl_ligand,718.907867
1hvr_ligand,606.968689
1hvs_ligand,693.032837
1hwr_ligand,442.299072
1hxb_ligand,633.522369
1hxw_ligand,672.922729
1ie9_ligand,549.364807
1i7z_ligand,349.342041
1i2s_ligand,189.340958
1ii5_ligand,187.277588
1i5r_ligand,706.049286
1iiq_ligand,671.137878
1ikt_ligand,475.647064
1ivp_ligand,735.886658
1iih_ligand,196.206314
1izh_ligand,681.599976
1igj_ligand,330.821594
1izi_ligand,652.359589
1j4r_ligand,412.424805
1j14_ligand,186.972023
1j01_ligand,240.291809
1j16_ligand,187.123817
1j17_ligand,413.898285
1ik4_ligand,172.893494
1jak_ligand,239.59346
1jgl_ligand,291.403641
1jet_ligand,464.617126
1jeu_ligand,523.906189
1jev_ligand,578.024597
1jn4_ligand,412.61673
1jq8_ligand,522.543243
1jvu_ligand,239.567078
1jyq_ligand,492.710052
1jmf_ligand,272.755142
1jmg_ligand,278.937515
1k1i_ligand,312.448456
1jqy_ligand,339.09259
1jys_ligand,170.322601
1k1j_ligand,358.367615
1jlr_ligand,331.167358
1k1l_ligand,342.408905
1k1m_ligand,355.941833
1k1n_ligand,375.575439
1k1o_ligand,394.329651
1k6c_ligand,680.35321
1k6p_ligand,710.244415
1k6t_ligand,688.473877
1k6v_ligand,708.914459
1k21_ligand,444.980225
1k22_ligand,431.661652
1kav_ligand,292.701141
1k1y_ligand,462.473541
1kjr_ligand,318.607727
1kdk_ligand,355.637314
1kel_ligand,313.682129
1k27_ligand,335.120956
1kpm_ligand,486.842773
1km3_ligand,285.69664
1ksn_ligand,459.542267
1kv1_ligand,377.194092
1k9s_ligand,315.263489
1kv5_ligand,171.333603
1kzk_ligand,611.331635
1kzn_ligand,476.577759
1l83_ligand,145.175575
1laf_ligand,230.119919
1l8g_ligand,337.76001
1koj_ligand,247.014236
1kyv_ligand,391.664429
1lag_ligand,196.016342
1kc7_ligand,157.565842
1lah_ligand,191.793396
1lbf_ligand,366.809494
1lgw_ligand,163.876068
1lee_ligand,560.174225
1lbk_ligand,293.62854
1lf2_ligand,554.919952
1li2_ligand,154.316193
1li3_ligand,173.286011
1lhu_ligand,346.321564
1lkk_ligand,446.892517
1lkl_ligand,386.036194
1li6_ligand,150.764626
1lke_ligand,407.246552
1lnm_ligand,401.634598
1lpg_ligand,480.129852
1lpk_ligand,420.391876
1lst_ligand,214.596924
1lpz_ligand,416.206451
1loq_ligand,292.240616
1lzq_ligand,670.429169
1m0b_ligand,646.923462
1lyb_ligand,625.614777
1lyx_ligand,177.327652
1m2p_ligand,285.301422
1m2q_ligand,269.565216
1lvu_ligand,326.191071
1m1b_ligand,173.842003
1m2r_ligand,281.205292
1m0n_ligand,392.898346
1m4h_ligand,768.065491
1m0o_ligand,384.073883
1m0q_ligand,366.225037
1m7d_ligand,405.283783
1m48_ligand,347.198975
1mai_ligand,239.41301
1m7i_ligand,524.726227
1mes_ligand,562.811981
1met_ligand,564.52655
1mfa_ligand,300.166565
1m83_ligand,428.733398
1mfd_ligand,313.840454
1mfi_ligand,210.696472
1m7y_ligand,411.222687
1mh5_ligand,425.567596
1mq5_ligand,454.387909
1mq6_ligand,456.147675
1mjj_ligand,426.452972
1mrw_ligand,583.406891
1mrx_ligand,568.208527
1mrn_ligand,554.77063
1mrs_ligand,341.435623
1m5w_ligand,253.801971
1msm_ligand,599.674744
1moq_ligand,267.789627
1mtr_ligand,626.418274
1msn_ligand,603.075897
1n0s_ligand,335.21228
1mu8_ligand,439.125366
1mu6_ligand,422.674774
1mue_ligand,411.901062
1n4h_ligand,430.102661
1n4k_ligand,257.263702
1n46_ligand,435.941772
1n3i_ligand,304.437286
1nc1_ligand,317.066971
1nf8_ligand,261.36673
1nc3_ligand,290.708282
1nfu_ligand,357.85788
1n5r_ligand,317.954834
1n1m_ligand,224.679703
1nfw_ligand,393.376007
1nh0_ligand,668.700867
1nfx_ligand,414.640869
1nfy_ligand,406.491547
1nhz_ligand,479.201202
1nhu_ligand,290.875977
1nja_ligand,271.066925
1njc_ligand,263.613205
1n51_ligand,474.976746
1njd_ligand,273.159729
1njs_ligand,464.006195
1nje_ligand,254.302841
1nki_ligand,127.255035
1nli_ligand,169.405113
1nl9_ligand,406.86145
1nm6_ligand,464.055695
1nny_ligand,547.461914
1nq7_ligand,476.751801
1no6_ligand,270.212006
1nt1_ligand,438.421661
1nvq_ligand,445.22049
1nvr_ligand,435.183716
1nvs_ligand,378.028564
1nw5_ligand,388.747253
1nw7_ligand,343.131805
1o0f_ligand,248.006302
1nz7_ligand,501.738434
1o0h_ligand,280.402496
1o0m_ligand,216.592102
1o0n_ligand,214.172272
1o2h_ligand,315.265228
1np0_ligand,229.2146
1o2n_ligand,316.842499
1o2o_ligand,313.020081
1o2q_ligand,330.237732
1o2z_ligand,324.318329
1o3i_ligand,256.786713
1o3d_ligand,294.321594
1o3l_ligand,267.748459
1o5a_ligand,295.586685
1o30_ligand,317.609131
1o33_ligand,229.52475
1o7o_ligand,335.662308
1o5e_ligand,330.7052
1o38_ligand,301.907928
1oar_ligand,275.869461
1oau_ligand,260.719208
1nw4_ligand,297.792618
1ocq_ligand,274.240723
1od8_ligand,238.206696
1oba_ligand,136.750465
1ogx_ligand,295.166183
1oe8_ligand,257.339813
1ohr_ligand,574.952484
1ogz_ligand,281.621658
1oif_ligand,187.72171
1ogg_ligand,466.850647
1odi_ligand,292.969238
1odj_ligand,297.598221
1ogd_ligand,171.478409
1ony_ligand,440.084412
1om1_ligand,319.245041
1onz_ligand,286.201233
1oss_ligand,179.120552
1ork_ligand,525.447021
1ols_ligand,425.733032
1owe_ligand,282.479965
1oxr_ligand,221.952118
1os5_ligand,366.875732
1owh_ligand,314.302094
1oyq_ligand,382.528137
1olu_ligand,414.598602
1oyt_ligand,415.049713
1olx_ligand,407.012726
1p1n_ligand,248.805923
1pa9_ligand,206.411377
1pb8_ligand,135.16111
1p1o_ligand,205.219208
1p19_ligand,243.491409
1pb9_ligand,134.10022
1pbq_ligand,241.18985
1oz0_ligand,639.703186
1pme_ligand,362.317566
1pdz_ligand,138.873833
1pot_ligand,247.758011
1pgp_ligand,251.506256
1ppc_ligand,371.46933
1pph_ligand,311.290497
1phw_ligand,196.086472
1ppk_ligand,486.115662
1ppl_ligand,574.983643
1pkx_ligand,344.694077
1ppi_ligand,576.482544
1ppm_ligand,541.001404
1pro_ligand,579.512665
1pxn_ligand,375.386673
1pxo_ligand,331.994171
1pxp_ligand,381.683258
1pyn_ligand,459.312439
1pzp_ligand,307.022644
1pz5_ligand,545.850342
1q7a_ligand,346.513062
1pzi_ligand,218.926849
1pr5_ligand,280.807373
1q8t_ligand,318.626328
1q8u_ligand,336.97522
1q5k_ligand,292.080627
1pvn_ligand,332.149033
1q91_ligand,357.027832
1q8w_ligand,307.753265
1q72_ligand,291.679459
1qan_ligand,415.326996
1qb1_ligand,392.61441
1qb6_ligand,326.544189
1qb9_ligand,386.97403
1q1g_ligand,335.954147
1qbn_ligand,352.739197
1qbo_ligand,384.69809
1qbr_ligand,646.271149
1qbs_ligand,563.307159
1qbt_ligand,696.333679
1qaw_ligand,253.363205
1qft_ligand,185.128159
1q84_ligand,671.895538
1qbu_ligand,565.11264
1qhc_ligand,458.191864
1qbv_ligand,406.950531
1ql7_ligand,368.227448
1qkt_ligand,343.018463
1ql9_ligand,400.745209
1qka_ligand,567.441193
1qkb_ligand,495.636932
1qxk_ligand,450.405579
1qk3_ligand,310.581024
1r9l_ligand,172.790283
1r0p_ligand,417.928223
1qk4_ligand,278.887192
1qyg_ligand,314.416367
1rnt_ligand,256.005035
1rnm_ligand,215.670547
1rbp_ligand,449.522461
1rd4_ligand,465.71817
1rjk_ligand,548.226288
1rpf_ligand,228.90683
1rtf_ligand,184.556366
1s19_ligand,563.673218
1rql_ligand,131.178146
1sb1_ligand,509.638733
1sbg_ligand,585.945862
1rr6_ligand,305.538895
1sdt_ligand,650.74234
1sdu_ligand,656.807556
1s5z_ligand,320.852875
1sdv_ligand,655.479492
1sgu_ligand,668.993622
1sh9_ligand,665.574493
1s89_ligand,155.67318
1siv_ligand,602.649292
1sl3_ligand,459.871979
1sqa_ligand,368.902313
1sqo_ligand,296.875687
1sqt_ligand,328.283096
1sld_ligand,441.13913
1rp7_ligand,425.827362
1sv3_ligand,194.333633
1stc_ligand,439.940033
1srg_ligand,301.984894
1sr7_ligand,489.101898
1sw2_ligand,168.355362
1str_ligand,441.467194
1swg_ligand,261.304794
1swr_ligand,280.250092
1t4v_ligand,414.466187
1syh_ligand,267.448792
1t7d_ligand,394.759369
1t7j_ligand,534.1203
1syi_ligand,269.014206
1td7_ligand,246.433273
1t32_ligand,489.738739
1tcx_ligand,585.18338
1ta6_ligand,464.515106
1ssq_ligand,161.210968
1tng_ligand,181.250107
1tnh_ligand,173.560661
1t5f_ligand,213.180939
1tni_ligand,198.966202
1tom_ligand,405.21814
1tq4_ligand,338.373444
1tpw_ligand,189.279694
1trd_ligand,195.182816
1thz_ligand,381.75412
1tx7_ligand,222.800995
1tjp_ligand,303.016785
1u1b_ligand,440.941437
1tkb_ligand,431.370575
1u71_ligand,356.713318
1tsy_ligand,267.347321
1u33_ligand,392.537659
1u1w_ligand,187.923401
1ua4_ligand,343.932602
1ui0_ligand,134.707344
1uj5_ligand,243.366898
1u0g_ligand,200.059738
1ugx_ligand,260.871887
1ucn_ligand,325.13916
1utj_ligand,169.117874
1uou_ligand,261.021851
1usi_ligand,212.37233
1utl_ligand,197.089859
1upf_ligand,130.876381
1utm_ligand,186.773193
1ur9_ligand,477.17749
1utn_ligand,178.823135
1uto_ligand,179.065079
1uwf_ligand,230.526245
1uvt_ligand,413.168091
1usk_ligand,193.236633
1uz1_ligand,189.001099
1uv6_ligand,236.797287
1uz4_ligand,190.728287
1uw6_ligand,254.862183
1uz8_ligand,367.54187
1v0k_ligand,242.855927
1v0l_ligand,240.86763
1v2j_ligand,192.448318
1v2k_ligand,416.735138
1v2l_ligand,180.820282
1v2n_ligand,356.90271
1v2o_ligand,265.825226
1v2r_ligand,289.507385
1uwt_ligand,201.384537
1v2s_ligand,180.336502
1uwu_ligand,194.942001
1v2t_ligand,269.532074
1v2u_ligand,182.798447
1v2w_ligand,263.710236
1vyf_ligand,396.738571
1v1m_ligand,417.782928
1vyg_ligand,433.674896
1v1j_ligand,206.523132
1vso_ligand,262.123672
1vzq_ligand,440.548157
1w0z_ligand,387.762115
1w4o_ligand,234.940186
1w3k_ligand,270.612289
1w3l_ligand,337.924072
1w4p_ligand,233.433533
1w3j_ligand,179.285965
1w4q_ligand,238.0242
1w5v_ligand,696.931763
1w5w_ligand,701.973938
1w5x_ligand,700.868256
1w5y_ligand,701.204987
1v11_ligand,417.915192
1v16_ligand,420.094696
1w11_ligand,403.164429
1w7g_ligand,481.174622
1w9u_ligand,459.204773
1w9v_ligand,419.520233
1w13_ligand,416.631317
1wdn_ligand,187.10321
1wc1_ligand,370.916321
1w96_ligand,445.354553
1wm1_ligand,269.762924
1wcq_ligand,292.130112
1wvj_ligand,275.630692
1x1z_ligand,330.736725
1wht_ligand,228.998093
1ws4_ligand,194.243393
1x8t_ligand,354.855743
1xap_ligand,459.439026
1x8j_ligand,349.882614
1xbo_ligand,405.214233
1x38_ligand,278.364212
1xd0_ligand,572.270996
1x39_ligand,303.361572
1xgi_ligand,252.632477
1xh4_ligand,549.973328
1xff_ligand,183.021927
1xk5_ligand,372.819916
1xh5_ligand,550.904785
1xk9_ligand,258.610336
1xh9_ligand,533.376709
1xjd_ligand,456.14563
1xhy_ligand,253.439728
1xow_ligand,345.18634
1xka_ligand,390.028198
1xkk_ligand,539.799164
1xt8_ligand,142.683098
1xr9_ligand,878.656921
1xws_ligand,402.366608
1y1z_ligand,159.260132
1y3v_ligand,387.648407
1y3x_ligand,366.937622
1y0l_ligand,310.773529
1y3n_ligand,309.477646
1y3p_ligand,544.483276
1yc1_ligand,339.651871
1y20_ligand,143.548309
1y6q_ligand,341.250504
1yc4_ligand,293.907532
1y6r_ligand,329.711182
1yet_ligand,477.446869
1ydk_ligand,390.014374
1ydr_ligand,312.002716
1yds_ligand,293.817688
1ydt_ligand,417.636292
1yp9_ligand,366.650238
1ype_ligand,457.683441
1ypg_ligand,453.139343
1ypj_ligand,463.346863
1z1h_ligand,559.17218
1yfz_ligand,243.383987
1z4o_ligand,260.112152
1yqj_ligand,489.215668
1z6s_ligand,234.725906
1z6e_ligand,464.038727
1yq7_ligand,261.616608
1z95_ligand,439.547852
1z71_ligand,453.862091
1zgi_ligand,426.750122
1zc9_ligand,240.743439
1zea_ligand,465.861206
1zp8_ligand,600.65387
1zhy_ligand,482.590057
1zsf_ligand,655.216522
1zoe_ligand,300.436829
1zog_ligand,277.147614
1zoh_ligand,280.27272
2a5b_ligand,285.091537
2a5c_ligand,260.396759
2a5s_ligand,187.527191
2a4m_ligand,220.584854
2a14_ligand,414.897491
2a8g_ligand,266.940979
2aac_ligand,198.447144
2ans_ligand,319.770065
2aoc_ligand,759.620789
2am4_ligand,471.709351
2al5_ligand,236.364029
2aod_ligand,741.086731
2aoe_ligand,740.493652
2arm_ligand,260.920746
2aog_ligand,722.831665
2aqu_ligand,621.97348
2avm_ligand,731.935974
2avo_ligand,636.966766
2avq_ligand,713.048828
2avs_ligand,656.389832
2ax9_ligand,334.013901
2ayr_ligand,607.670532
2azr_ligand,245.175781
2b4l_ligand,170.917862
2aj8_ligand,318.598206
2b7d_ligand,390.28125
2b07_ligand,386.834473
2b9a_ligand,305.549118
2baj_ligand,442.723846
2bak_ligand,571.72934
2bal_ligand,366.468506
2bes_ligand,238.917465
2b1g_ligand,337.606842
2bfq_ligand,505.93924
2b1i_ligand,349.361374
2bfr_ligand,373.800079
2bet_ligand,227.112366
2bpv_ligand,634.901764
2boh_ligand,457.647827
2bok_ligand,395.21637
2bmk_ligand,279.546509
2boj_ligand,136.97496
2bpy_ligand,662.054565
2bqv_ligand,616.664215
2bq7_ligand,416.472198
2br1_ligand,358.726105
2brb_ligand,336.364807
2bt9_ligand,181.167191
2brm_ligand,337.222702
2bvd_ligand,299.046753
2bvr_ligand,312.656281
2bvs_ligand,437.98703
2bza_ligand,172.813332
2bz6_ligand,372.807404
2c1p_ligand,340.761215
2c3i_ligand,327.471878
2c3l_ligand,240.027206
2bo4_ligand,172.885513
2bys_ligand,430.333191
2byr_ligand,548.421906
2c80_ligand,396.040466
2c92_ligand,433.643311
2c94_ligand,437.078125
2ca8_ligand,284.296051
2c97_ligand,286.593262
2cbu_ligand,207.26825
2cbz_ligand,255.744934
2cbj_ligand,298.382263
2cbv_ligand,193.075424
2cej_ligand,653.585144
2ccb_ligand,237.414047
2cen_ligand,656.067169
2cc7_ligand,233.805771
2ce9_ligand,447.976501
2ccc_ligand,241.8508
2ceq_ligand,210.892685
2cer_ligand,308.050125
2ces_ligand,210.993576
2cf8_ligand,448.417084
2cf9_ligand,452.323822
2cet_ligand,299.398453
2cgr_ligand,381.527161
2cgf_ligand,311.606796
2cn0_ligand,430.720581
2csn_ligand,276.003662
2cle_ligand,332.727188
2clh_ligand,370.659698
2d0k_ligand,355.555969
2cli_ligand,364.748184
2cht_ligand,220.706833
2clk_ligand,186.953674
2drc_ligand,386.344482
2d3u_ligand,348.969208
2d3z_ligand,350.487091
2e2p_ligand,319.781586
2e2r_ligand,306.915543
2e27_ligand,348.959564
2e9u_ligand,355.534668
2dw7_ligand,154.534325
2e7f_ligand,422.495056
2erz_ligand,336.850204
2ewa_ligand,385.701324
2e91_ligand,219.777939
2e92_ligand,265.8246
2e94_ligand,402.53186
2f1g_ligand,408.196442
2exm_ligand,256.411423
2f6t_ligand,313.483856
2f8g_ligand,532.020447
2ews_ligand,412.293213
2f34_ligand,298.0271
2f7i_ligand,277.279572
2f35_ligand,275.687164
2f80_ligand,543.285126
2f81_ligand,525.061005
2fgu_ligand,639.22641
2epn_ligand,241.787827
2fgv_ligand,656.138672
2fle_ligand,758.07251
2fdp_ligand,579.572632
2fmb_ligand,721.974426
2fqw_ligand,283.606796
2flr_ligand,358.310089
2fqx_ligand,294.036209
2fqy_ligand,295.703125
2fvd_ligand,400.856018
2fx6_ligand,177.874229
2fxs_ligand,336.642334
2fxu_ligand,596.044556
2fxv_ligand,305.597626
2fpz_ligand,192.925018
2g94_ligand,676.833221
2g5u_ligand,331.655167
2gj5_ligand,386.68924
2gh9_ligand,406.095917
2gv6_ligand,328.15451
2gss_ligand,226.182007
2fw6_ligand,186.231949
2gst_ligand,449.369202
2gv7_ligand,450.540833
2gvv_ligand,256.586945
2glp_ligand,359.233704
2h4g_ligand,293.748337
2gl0_ligand,270.606918
2h4k_ligand,281.953751
2gz2_ligand,305.08017
2h21_ligand,372.477142
2hah_ligand,447.99057
2hb1_ligand,228.701157
2haw_ligand,153.120659
2ha2_ligand,365.058517
2ha3_ligand,170.28862
2hb3_ligand,565.588348
2gyi_ligand,188.148224
2ha6_ligand,367.405212
2hhn_ligand,447.810516
2hnx_ligand,348.969269
2hs1_ligand,547.476318
2hkf_ligand,620.834656
2hxm_ligand,304.627869
2i0a_ligand,552.725159
2i4d_ligand,614.436554
2hjb_ligand,218.282364
2hzl_ligand,124.864189
2i4u_ligand,565.963928
2hmu_ligand,379.552551
2hmv_ligand,340.159149
2i4v_ligand,564.050354
2i4w_ligand,661.613342
2i4x_ligand,671.983246
2i4j_ligand,550.522949
2i2c_ligand,421.843018
2idw_ligand,520.968689
2i6b_ligand,354.35907
2i4z_ligand,550.956512
2ihq_ligand,345.413986
2ihj_ligand,533.885193
2iwx_ligand,313.083298
2iuz_ligand,349.122498
2i19_ligand,260.674759
2j2u_ligand,392.748291
2izl_ligand,294.548279
2j4i_ligand,438.048584
2j7b_ligand,203.288422
2j4g_ligand,279.680145
2j7d_ligand,257.55571
2j7e_ligand,266.803894
2j7f_ligand,237.496933
2j34_ligand,394.839203
2j7g_ligand,249.825729
2j7h_ligand,184.208588
2j27_ligand,172.374359
2j47_ligand,329.462952
2j75_ligand,191.729279
2iko_ligand,361.157379
2j77_ligand,191.172409
2j78_ligand,202.078445
2j94_ligand,394.801941
2j95_ligand,413.55307
2j79_ligand,199.697983
2jdm_ligand,149.874573
2jdp_ligand,145.411453
2jds_ligand,417.639801
2j62_ligand,452.508301
2jdu_ligand,161.830353
2jfz_ligand,430.769836
2jgs_ligand,280.678421
2jh0_ligand,391.69104
2jh5_ligand,374.918823
2jg0_ligand,354.054947
2jh6_ligand,383.05481
2jkh_ligand,403.290283
2jxr_ligand,588.060608
2jiw_ligand,252.127411
2nmz_ligand,616.325165
2jkp_ligand,218.483414
2jjb_ligand,364.250244
2nt7_ligand,505.4729
2nta_ligand,267.496689
2jke_ligand,199.414444
2o0u_ligand,431.359924
2mas_ligand,272.836792
2o4j_ligand,550.326691
2o4k_ligand,657.250092
2o4l_ligand,590.310699
2o4n_ligand,589.793213
2nsj_ligand,278.760193
2o4r_ligand,542.350403
2nsl_ligand,279.192886
2oax_ligand,468.318848
2oiq_ligand,564.96701
2ojg_ligand,345.426468
2ojj_ligand,442.889557
2ogy_ligand,397.628418
2oi2_ligand,287.400208
2olb_ligand,537.57489
2oxd_ligand,244.184158
2oxn_ligand,267.028809
2oxx_ligand,254.431366
2oag_ligand,380.850159
2on6_ligand,299.567215
2p3a_ligand,730.190002
2oxy_ligand,225.604889
2oym_ligand,346.675751
2p3b_ligand,749.179504
2p3c_ligand,746.699707
2p2a_ligand,363.026123
2ot1_ligand,232.252274
2p3i_ligand,213.447189
2ole_ligand,333.629028
2p7a_ligand,204.248444
2p7g_ligand,310.578308
2p7z_ligand,491.39389
2p4j_ligand,754.022156
2p4y_ligand,557.661499
2p16_ligand,443.784698
2p95_ligand,425.844482
2p15_ligand,472.066559
2p4s_ligand,305.368195
2pk5_ligand,705.237915
2pbw_ligand,325.838089
2pcp_ligand,321.734848
2pk6_ligand,696.264801
2pql_ligand,230.424683
2pq9_ligand,367.333557
2pog_ligand,355.766693
2pqb_ligand,395.135117
2pqc_ligand,363.047699
2pqz_ligand,526.334595
2pv1_ligand,525.344299
2psv_ligand,502.17804
2psu_ligand,531.292053
2pgz_ligand,355.643951
2pu2_ligand,277.83194
2pvh_ligand,316.167557
2pvj_ligand,364.757355
2pvk_ligand,377.716705
2pvl_ligand,362.085297
2pvu_ligand,213.902817
2pwc_ligand,560.479797
2pvm_ligand,342.05722
2pwr_ligand,586.168213
2pyn_ligand,578.468231
2q2a_ligand,226.238297
2py4_ligand,381.565948
2pwd_ligand,196.264175
2q5k_ligand,651.27417
2pwg_ligand,223.101624
2q54_ligand,605.15448
2q55_ligand,645.311707
2pyy_ligand,191.218124
2q63_ligand,585.564148
2q64_ligand,589.672577
2q6f_ligand,584.209778
2qbp_ligand,480.248627
2q8z_ligand,332.244202
2qbq_ligand,391.162903
2qbr_ligand,381.104919
2qbs_ligand,373.847717
2q7q_ligand,207.910248
2qbw_ligand,679.105835
2qci_ligand,557.016663
2qd6_ligand,546.611755
2qbu_ligand,388.176971
2qd7_ligand,532.149506
2qd8_ligand,555.483215
2qg2_ligand,382.412262
2qhy_ligand,527.430054
2qhz_ligand,516.789032
2qi0_ligand,554.743896
2qe4_ligand,406.108673
2qg0_ligand,371.597565
2qi1_ligand,550.051056
2qi3_ligand,525.892212
2qi4_ligand,554.649292
2qi5_ligand,581.237732
2qi6_ligand,540.74762
2qi7_ligand,535.174927
2qnn_ligand,640.197906
2qm9_ligand,428.873383
2qnp_ligand,558.759613
2qnq_ligand,524.789825
2qmg_ligand,621.357697
2qpq_ligand,210.097076
2qrk_ligand,282.082077
2qpu_ligand,263.984009
2qrl_ligand,141.214439
2qtn_ligand,255.77179
2qtg_ligand,312.011642
2qu6_ligand,551.47522
2qw1_ligand,126.218506
2qtt_ligand,297.173981
2qta_ligand,424.181183
2qwb_ligand,281.259369
2qwc_ligand,279.333969
2qwd_ligand,281.502426
2qwe_ligand,312.547775
2r0h_ligand,299.297577
2qwf_ligand,344.763626
2r2m_ligand,422.405518
2r3t_ligand,591.796143
2r2w_ligand,286.757019
2r3w_ligand,554.546539
2r0z_ligand,595.352356
2r5a_ligand,184.836761
2r5p_ligand,664.515625
2r38_ligand,590.584442
2r43_ligand,560.103455
2r58_ligand,193.445679
2r9w_ligand,299.660904
2r9x_ligand,296.593842
2r75_ligand,437.836945
2ra0_ligand,445.679779
2rcb_ligand,134.073158
2reg_ligand,164.623604
2rin_ligand,196.651199
2ri9_ligand,163.122894
2rk8_ligand,131.853722
2rka_ligand,164.078926
2rio_ligand,370.462036
2rkf_ligand,605.415833
2rkd_ligand,170.529991
2rke_ligand,150.914261
2rkg_ligand,629.062347
2tpi_ligand,308.938629
2sim_ligand,276.206223
2uwd_ligand,394.686646
2rkm_ligand,392.217941
2std_ligand,378.947754
2uwl_ligand,383.247772
2uwo_ligand,397.551117
2uxz_ligand,678.804108
2uwp_ligand,384.83374
2uy0_ligand,690.744995
2uxi_ligand,308.326508
2uy3_ligand,207.744522
2rd6_ligand,255.214081
2uy4_ligand,181.560791
2uy5_ligand,238.340256
2uyq_ligand,222.056946
2uyn_ligand,147.65818
2v00_ligand,234.979004
2v2q_ligand,279.312683
2v2v_ligand,289.084686
2v2c_ligand,173.541924
2v3u_ligand,134.532379
2v7a_ligand,427.10675
2v3d_ligand,250.27179
2v2h_ligand,171.737289
2v8w_ligand,293.686768
2v57_ligand,221.080444
2v54_ligand,353.989136
2v95_ligand,340.487762
2v58_ligand,317.882935
2v59_ligand,330.561829
2vfk_ligand,274.586472
2vh0_ligand,432.020752
2vh6_ligand,441.157379
2vb8_ligand,273.018356
2vba_ligand,277.666061
2vk2_ligand,195.073273
2vc9_ligand,254.518509
2vk6_ligand,312.674728
2vkm_ligand,693.793793
2vmc_ligand,141.380966
2vjx_ligand,188.717789
2vnt_ligand,318.544495
2vl4_ligand,189.068787
2vo4_ligand,149.345413
2vmf_ligand,208.455917
2vpn_ligand,192.421158
2vhj_ligand,317.259415
2vpo_ligand,201.416275
2vo5_ligand,256.687027
2vot_ligand,287.339142
2vvc_ligand,465.190094
2vt3_ligand,307.724823
2vrj_ligand,324.689896
2vvu_ligand,424.448547
2vvv_ligand,421.280548
2vvn_ligand,277.792847
2vqt_ligand,238.155594
2vvs_ligand,312.987671
2vw5_ligand,483.256439
2vwc_ligand,472.765778
2vw1_ligand,308.904251
2vwl_ligand,442.671722
2vwm_ligand,495.332947
2vwn_ligand,440.146637
2vzr_ligand,155.324112
2vw2_ligand,253.286301
2vyt_ligand,167.775787
2vwo_ligand,438.327881
2w5g_ligand,270.407715
2vxn_ligand,188.042465
2w8y_ligand,492.208313
2w9h_ligand,324.667465
2w4x_ligand,265.111282
2w26_ligand,408.335175
2w47_ligand,154.551865
2w8j_ligand,336.962219
2w8w_ligand,337.063187
2w66_ligand,252.483459
2w08_ligand,150.767868
2wb5_ligand,333.455292
2w67_ligand,232.431107
2wc3_ligand,306.97879
2we3_ligand,338.299225
2wc4_ligand,316.681854
2wbg_ligand,314.105865
2wca_ligand,328.427643
2web_ligand,511.557098
2wec_ligand,512.293457
2wf5_ligand,274.338745
2wed_ligand,455.54425
2weq_ligand,498.521088
2wgj_ligand,389.458923
2wer_ligand,325.47757
2wjg_ligand,291.538513
2wkz_ligand,697.167542
2wl0_ligand,696.495819
2whp_ligand,311.908798
2wky_ligand,255.707825
2wly_ligand,394.45401
2wlz_ligand,390.078217
2wm0_ligand,534.909698
2wk6_ligand,167.583946
2wtv_ligand,437.957642
2wn9_ligand,306.5793
2wnc_ligand,312.112015
2wyf_ligand,210.566238
2wr8_ligand,409.06723
2wnj_ligand,390.389359
2wvt_ligand,208.186752
2wyg_ligand,400.519653
2wvz_ligand,229.758957
2wyj_ligand,396.803894
2wzm_ligand,462.625397
2wzf_ligand,359.958771
2x4z_ligand,473.695282
2wzs_ligand,216.266006
2xab_ligand,313.531418
2xb7_ligand,471.821198
2x2r_ligand,364.916794
2x00_ligand,501.083893
2x0y_ligand,294.754974
2xbv_ligand,466.100006
2xbp_ligand,438.564056
2xbw_ligand,477.14209
2xbx_ligand,461.125977
2xc0_ligand,487.662109
2xc4_ligand,468.15094
2xde_ligand,344.118469
2xdk_ligand,205.922958
2x6x_ligand,427.820953
2xdx_ligand,253.680206
2xdl_ligand,292.867859
2xht_ligand,298.734268
2xb8_ligand,337.79187
2xg9_ligand,298.019547
2xj1_ligand,404.963043
2xib_ligand,186.254852
2xii_ligand,341.525391
2xj2_ligand,390.368271
2xjg_ligand,339.008179
2xjj_ligand,327.602448
2xjx_ligand,331.59613
2xd9_ligand,301.919235
2xda_ligand,338.314484
2xmy_ligand,392.765808
2xm1_ligand,246.15274
2xn3_ligand,314.937454
2xn5_ligand,335.365173
2xm2_ligand,258.606201
2xog_ligand,332.240662
2xnb_ligand,369.353516
2xp7_ligand,242.541504
2xj7_ligand,258.881409
2xye_ligand,701.622528
2xyf_ligand,694.963745
2xxr_ligand,194.725235
2xxt_ligand,259.345032
2xxx_ligand,191.776276
2y5f_ligand,430.088806
2y5g_ligand,420.136292
2y5h_ligand,399.870911
2y7x_ligand,398.871582
2y7z_ligand,402.273468
2xpk_ligand,457.641418
2y8c_ligand,385.467377
2xys_ligand,354.902603
2y80_ligand,411.914642
2y81_ligand,417.276031
2y82_ligand,406.944916
2xyt_ligand,477.266663
2ya6_ligand,318.650803
2ya7_ligand,370.014465
2ya8_ligand,304.228439
2yay_ligand,388.518341
2yaz_ligand,317.045425
2yb0_ligand,257.788269
2ydw_ligand,368.568512
2yel_ligand,349.024384
2yek_ligand,365.910004
2ydt_ligand,293.570999
2yfe_ligand,423.623474
2yge_ligand,455.878021
2ygf_ligand,482.785797
2yfx_ligand,366.001648
2yki_ligand,492.020477
2yi0_ligand,341.52916
2yix_ligand,456.786835
2yi7_ligand,331.737274
2yk1_ligand,237.451721
2ylc_ligand,235.595093
2yxj_ligand,607.424011
2z4o_ligand,560.98111
2ypi_ligand,177.532089
2zb1_ligand,433.998322
2zc9_ligand,407.408875
2yme_ligand,340.192673
2zcq_ligand,386.34671
2zcr_ligand,461.123383
2za5_ligand,420.890259
2zcs_ligand,377.622223
2zdk_ligand,375.988373
2zda_ligand,416.918213
2zdl_ligand,367.000183
2zdm_ligand,388.097809
2zdn_ligand,370.523438
2zfs_ligand,395.354126
2zfp_ligand,345.874161
2zft_ligand,378.518219
2ypo_ligand,222.271393
2zgx_ligand,363.605927
2zjw_ligand,265.676208
2ymd_ligand,247.582397
2zmm_ligand,373.903748
2zn7_ligand,380.942932
2zq2_ligand,389.962799
2zkj_ligand,365.139633
2zq0_ligand,447.783234
2zy1_ligand,394.605347
2zym_ligand,596.056763
2zz1_ligand,352.113846
2zz2_ligand,346.222519
2zwz_ligand,210.730026
2zx6_ligand,329.058029
2zx7_ligand,291.308075
2zx8_ligand,328.993225
3a2o_ligand,575.945312
2zxd_ligand,217.582733
3a1c_ligand,422.912354
3a6t_ligand,314.944763
3a1d_ligand,398.908875
3a1e_ligand,426.261414
3aau_ligand,326.476257
3aaq_ligand,415.81842
3a5y_ligand,472.181458
3acw_ligand,342.590027
3acx_ligand,430.645294
3ag9_ligand,631.65802
3ai8_ligand,171.535736
3aid_ligand,570.799622
3ap4_ligand,183.092758
3agl_ligand,738.328308
3alt_ligand,176.363983
3arp_ligand,432.358948
3axz_ligand,277.152084
3arq_ligand,336.441376
3arw_ligand,238.917984
3arx_ligand,310.025818
3b1m_ligand,473.43811
3b5r_ligand,441.21814
3b4p_ligand,279.395844
3b24_ligand,227.851089
3b25_ligand,286.476974
3b3x_ligand,176.701752
3b26_ligand,284.423508
3b27_ligand,258.409058
3b65_ligand,436.087036
3b66_ligand,440.545746
3b2q_ligand,452.127533
3b67_ligand,432.641205
3b68_ligand,480.895233
3b7j_ligand,168.50679
3be9_ligand,374.179382
3bgb_ligand,537.433411
3bex_ligand,268.041382
3bfu_ligand,212.585007
3bgc_ligand,569.574188
3bgq_ligand,354.450485
3bgz_ligand,330.657333
3bbb_ligand,322.537354
3bbf_ligand,359.419952
3bqc_ligand,280.006699
3brn_ligand,250.282272
3bu1_ligand,184.418175
3bra_ligand,166.979782
3bva_ligand,720.930664
3buf_ligand,167.526443
3bug_ligand,208.278381
3bv9_ligand,484.162964
3bgs_ligand,302.372559
3buh_ligand,253.990265
3bvb_ligand,551.712311
3bwj_ligand,591.280884
3bxe_ligand,190.488632
3bxf_ligand,307.940002
3bxg_ligand,265.023834
3bxh_ligand,269.785782
3bzf_ligand,882.416321
3c4h_ligand,201.746658
3c39_ligand,174.846802
3c2f_ligand,272.106003
3c84_ligand,299.889252
3c2o_ligand,179.757721
3c2r_ligand,179.715347
3cct_ligand,490.095947
3c2u_ligand,305.955688
3ccw_ligand,474.88504
3ccz_ligand,468.299835
3cd0_ligand,496.534088
3cd5_ligand,517.940857
3cfn_ligand,297.564682
3cd7_ligand,508.261993
3cft_ligand,248.956268
3cda_ligand,512.552643
3cf8_ligand,308.38797
3ckb_ligand,274.496979
3cj5_ligand,319.405823
3ckp_ligand,524.205811
3cdb_ligand,507.491882
3cow_ligand,437.188049
3coy_ligand,449.156189
3cke_ligand,360.544037
3cs7_ligand,454.008209
3cyw_ligand,549.46698
3coz_ligand,440.23938
3cyx_ligand,632.094574
3cyz_ligand,295.143311
3cz1_ligand,279.550339
3d0b_ligand,428.344452
3ckz_ligand,328.412125
3d1x_ligand,636.822205
3cl0_ligand,323.730103
3ctt_ligand,227.096664
3d1y_ligand,659.448578
3d1z_ligand,549.662781
3d6o_ligand,181.437805
3d6p_ligand,178.932556
3d8z_ligand,202.543015
3d78_ligand,274.539154
3d0e_ligand,485.664581
3d7z_ligand,437.421753
3d83_ligand,519.938568
3d91_ligand,589.982605
3djk_ligand,563.752533
3da9_ligand,376.246277
3djo_ligand,220.120758
3djp_ligand,231.015106
3djq_ligand,208.032761
3djv_ligand,246.402466
3dk1_ligand,563.869385
3djx_ligand,215.122208
3dnd_ligand,232.713211
3dne_ligand,231.59314
3dp9_ligand,382.61673
3dsz_ligand,469.307373
3drf_ligand,649.596497
3drg_ligand,875.393921
3e3c_ligand,350.457092
3dzt_ligand,463.789459
3dri_ligand,312.648621
3e92_ligand,433.581848
3e6y_ligand,362.138763
3eax_ligand,300.002136
3eb1_ligand,231.744904
3e93_ligand,531.942719
3d7k_ligand,543.937195
3ebl_ligand,346.362427
3eeb_ligand,392.884491
3eko_ligand,244.35318
3ekp_ligand,522.150208
3ekt_ligand,527.452454
3ekr_ligand,318.122421
3ekv_ligand,533.910126
3ekw_ligand,669.917206
3egt_ligand,422.742432
3ed0_ligand,258.769806
3ekx_ligand,595.05307
3el1_ligand,662.669098
3el4_ligand,645.439697
3el5_ligand,595.90036
3el9_ligand,647.009583
3ery_ligand,877.583191
3eqr_ligand,491.150116
3evd_ligand,299.692993
3ebo_ligand,266.237473
3ebp_ligand,287.48407
3f3c_ligand,224.380325
3f3d_ligand,201.05217
3exe_ligand,402.191254
3f8c_ligand,458.885254
3f3e_ligand,199.19722
3exh_ligand,397.050537
3f8f_ligand,399.089508
3f78_ligand,178.311401
3f68_ligand,429.680634
3f70_ligand,214.305634
3fas_ligand,183.847778
3fat_ligand,229.052277
3f6e_ligand,533.309113
3f80_ligand,225.162369
3f48_ligand,140.175041
3ffg_ligand,494.281128
3fhb_ligand,175.26944
3fj7_ligand,187.702324
3fqe_ligand,388.992676
3fl5_ligand,296.569702
3fjg_ligand,198.098221
3fur_ligand,473.799896
3fuz_ligand,179.043045
3fql_ligand,483.522675
3fv1_ligand,303.079681
3fv2_ligand,284.404556
3fvh_ligand,369.206909
3fvk_ligand,283.060532
3fv3_ligand,578.47525
3fvn_ligand,281.196335
3fuc_ligand,344.15567
3fzy_ligand,401.675842
3g0w_ligand,375.233353
3g0e_ligand,323.748627
3g1d_ligand,326.207306
3g2y_ligand,183.986557
3g19_ligand,293.368195
3g1v_ligand,324.880066
3g3r_ligand,209.419846
3g0i_ligand,220.327087
3g30_ligand,212.871155
3g31_ligand,153.895493
3g34_ligand,188.097412
3g35_ligand,259.603149
3gba_ligand,305.42691
3ga5_ligand,290.402969
3gbb_ligand,280.976929
3gcp_ligand,381.289948
3gcs_ligand,487.941437
3ggu_ligand,547.278809
3gbe_ligand,196.143723
3gi4_ligand,556.759552
3gdt_ligand,229.713638
3gi5_ligand,555.06311
3gi6_ligand,564.168732
3gcu_ligand,572.467651
3fzn_ligand,582.373291
3gk1_ligand,247.11882
3gm0_ligand,270.485245
3gkz_ligand,243.234833
3gjw_ligand,256.612045
3gqz_ligand,215.299637
3gr2_ligand,180.58342
3gs6_ligand,280.801575
3gsm_ligand,226.526489
3gnw_ligand,491.811371
3gss_ligand,447.380127
3gvu_ligand,560.735565
3gv9_ligand,196.45105
3gvb_ligand,243.218307
3gy2_ligand,284.47316
3gst_ligand,446.078796
3gx0_ligand,441.979401
3gy3_ligand,360.52301
3h1x_ligand,260.400085
3gy4_ligand,186.508347
3gy7_ligand,183.171959
3h5b_ligand,568.85318
3h8b_ligand,655.721069
3h89_ligand,652.15625
3hcm_ligand,155.97731
3h30_ligand,256.140411
3hk1_ligand,342.98645
3hit_ligand,532.939972
3hb4_ligand,477.503693
3hek_ligand,409.091461
3h78_ligand,190.3964
3hl7_ligand,377.739929
3hkw_ligand,457.247345
3hmo_ligand,385.395233
3hll_ligand,398.463043
3hky_ligand,446.228546
3hl8_ligand,247.296066
3hmp_ligand,273.060974
3hv8_ligand,493.357544
3hub_ligand,473.862885
3huc_ligand,344.440491
3hp9_ligand,263.186646
3hvi_ligand,522.551697
3hvj_ligand,536.287292
3i6o_ligand,615.122681
3i5z_ligand,460.732513
3i7e_ligand,568.823517
3i9g_ligand,451.22821
3i4b_ligand,440.743652
3i25_ligand,846.300354
3i60_ligand,471.793549
3hww_ligand,148.019966
3ies_ligand,561.526733
3ifl_ligand,530.935059
3ikd_ligand,338.16507
3ijh_ligand,258.568817
3ikg_ligand,332.662476
3imc_ligand,196.326645
3ime_ligand,188.644363
3iob_ligand,302.396805
3ioc_ligand,435.207977
3ip8_ligand,203.197037
3ip5_ligand,135.582687
3ip6_ligand,159.415833
3hu3_ligand,428.629456
3ioe_ligand,408.390045
3ip9_ligand,160.385323
3iph_ligand,394.736389
3ipq_ligand,619.502228
3isj_ligand,298.580643
3ipu_ligand,543.319977
3iqu_ligand,486.820404
3iae_ligand,575.486725
3iss_ligand,536.328674
3iub_ligand,350.589661
3iw5_ligand,483.036499
3iue_ligand,397.649536
3ivg_ligand,433.690521
3ivc_ligand,403.603577
3ivx_ligand,413.635437
3jrs_ligand,350.351471
3iw6_ligand,449.43985
3juo_ligand,290.354904
3jup_ligand,281.286026
3jvr_ligand,272.556107
3jrx_ligand,473.112823
3jvs_ligand,315.425323
3jy0_ligand,297.040848
3jdw_ligand,208.289032
3jya_ligand,259.477432
3jyr_ligand,545.74176
3jzh_ligand,366.947876
3jzj_ligand,549.570068
3k00_ligand,536.803253
3k02_ligand,583.668945
3k5v_ligand,325.349487
3k4q_ligand,299.155884
3k8c_ligand,226.228134
3k97_ligand,325.430115
3k8o_ligand,302.713638
3k8q_ligand,281.866745
3k99_ligand,299.615005
3kdb_ligand,637.429321
3kdc_ligand,629.110199
3kdd_ligand,611.902496
3kgp_ligand,193.003555
3kdm_ligand,316.285446
3kiv_ligand,174.865005
3kgt_ligand,338.656799
3k37_ligand,347.913849
3kgu_ligand,334.129562
3kku_ligand,268.953293
3kjd_ligand,270.937561
3k4d_ligand,194.082901
3kyq_ligand,337.428955
3kmx_ligand,313.27095
3kmy_ligand,240.678284
3l3m_ligand,339.181931
3kv2_ligand,229.620926
3kqr_ligand,135.138786
3k1j_ligand,387.678131
3l4u_ligand,305.137299
3l4v_ligand,320.738647
3l4w_ligand,235.775284
3l4x_ligand,299.284485
3l59_ligand,229.502014
3l4y_ligand,333.852783
3l4z_ligand,280.553391
3ldp_ligand,374.729401
3ldq_ligand,307.524048
3ljo_ligand,317.108124
3liw_ligand,438.914337
3lgs_ligand,269.760529
3lmk_ligand,190.193207
3lpi_ligand,609.386902
3lp4_ligand,215.798859
3lpk_ligand,641.274475
3lp7_ligand,239.259888
3lxk_ligand,349.114014
3lzs_ligand,536.052765
3lzu_ligand,524.12204
3lzz_ligand,248.7901
3lvw_ligand,332.991226
3lpp_ligand,354.987823
3m3c_ligand,225.646118
3m35_ligand,395.068634
3m36_ligand,470.294128
3lpl_ligand,210.351318
3m37_ligand,460.350281
3m8u_ligand,591.142395
3mam_ligand,146.07505
3mhw_ligand,179.258774
3miy_ligand,331.22525
3lq2_ligand,427.45282
3ms9_ligand,227.626419
3mfv_ligand,227.052338
3mfw_ligand,205.029343
3mf5_ligand,355.839661
3mof_ligand,118.683128
3mss_ligand,244.023056
3mxd_ligand,581.224396
3mxe_ligand,577.940033
3mjl_ligand,117.270317
3n3g_ligand,290.515625
3myg_ligand,401.201111
3n7o_ligand,398.96759
3n35_ligand,207.062225
3nee_ligand,398.434357
3n1c_ligand,260.997314
3neo_ligand,426.166565
3nes_ligand,392.836487
3n7a_ligand,199.661407
3nex_ligand,433.448822
3n8k_ligand,186.195465
3ng4_ligand,250.012833
3n76_ligand,365.405197
3nhi_ligand,463.419952
3n86_ligand,372.055435
3nkk_ligand,206.604782
3nq3_ligand,277.05394
3nht_ligand,431.338684
3nq9_ligand,217.339722
3npc_ligand,633.077271
3nu3_ligand,547.395813
3nu4_ligand,542.280151
3nu5_ligand,546.744263
3nu6_ligand,545.144104
3nu9_ligand,532.63559
3nuj_ligand,542.720428
3nuo_ligand,536.028564
3nyx_ligand,409.81842
3nyd_ligand,197.149353
3nw3_ligand,490.505524
3nsn_ligand,494.907898
3o4k_ligand,828.915833
3nox_ligand,332.141846
3o5x_ligand,272.536713
3o9a_ligand,572.531189
3o9d_ligand,565.844025
3o8p_ligand,375.348633
3o9e_ligand,556.125458
3o5n_ligand,271.800659
3o9i_ligand,575.348938
3o99_ligand,554.115906
3oaf_ligand,329.082886
3ocp_ligand,251.679077
3oe4_ligand,439.773438
3o84_ligand,297.65799
3oe5_ligand,442.631683
3ok9_ligand,557.479462
3ov1_ligand,341.176086
3ove_ligand,368.479187
3ocz_ligand,335.997299
3oy8_ligand,216.578903
3own_ligand,696.623962
3oyw_ligand,194.392029
3owj_ligand,305.466232
3old_ligand,628.820984
3ozj_ligand,329.53862
3ozs_ligand,449.360168
3ozr_ligand,322.018417
3ozt_ligand,433.065674
3p5o_ligand,364.294617
3p2e_ligand,377.940521
3p8n_ligand,525.919189
3p8o_ligand,502.640076
3p3t_ligand,330.148666
3ozg_ligand,312.236404
3p8p_ligand,300.402496
3p7i_ligand,158.787834
3p8z_ligand,482.61908
3p9l_ligand,865.496582
3p17_ligand,388.20462
3p9m_ligand,836.646545
3ozp_ligand,323.536957
3pe1_ligand,347.40773
3pd9_ligand,209.894516
3pe2_ligand,354.181854
3pn1_ligand,349.14621
3po1_ligand,324.2742
3pju_ligand,540.765778
3ppp_ligand,178.205284
3ppq_ligand,175.704437
3ppr_ligand,205.48082
3prs_ligand,624.576477
3pwm_ligand,546.725525
3pww_ligand,573.065857
3pyy_ligand,312.15834
3pwk_ligand,169.071762
3ppm_ligand,428.145447
3q6w_ligand,464.670471
3q6z_ligand,448.155029
3q7q_ligand,289.14502
3q2j_ligand,268.936203
3q71_ligand,491.13028
3q1x_ligand,148.11483
3qbc_ligand,160.469528
3qaa_ligand,569.596313
3qdd_ligand,336.0448
3pfp_ligand,310.683868
3qgw_ligand,303.88887
3qgy_ligand,339.33493
3qkd_ligand,628.12973
3qfd_ligand,708.710999
3qox_ligand,410.428802
3qqs_ligand,276.005569
3qps_ligand,406.621704
3qto_ligand,420.376831
3qtv_ligand,421.844269
3qwc_ligand,396.432404
3qt6_ligand,292.549973
3qx9_ligand,282.183075
3qxt_ligand,418.977753
3qx5_ligand,409.34494
3qxv_ligand,416.706482
3r1v_ligand,324.965118
3r4m_ligand,247.336929
3r4n_ligand,303.770615
3r4p_ligand,404.400269
3r5t_ligand,461.89389
3qfy_ligand,193.005066
3r6u_ligand,177.802979
3qfz_ligand,205.930969
3rdo_ligand,264.430649
3r7o_ligand,473.245209
3rdq_ligand,262.642654
3rlb_ligand,326.669418
3rlp_ligand,273.043442
3rlq_ligand,304.719681
3re4_ligand,304.561157
3rlr_ligand,334.021759
3r88_ligand,208.29306
3rm9_ligand,260.126312
3roc_ligand,406.952423
3rux_ligand,517.37204
3ru1_ligand,289.33757
3rsx_ligand,233.953964
3s0b_ligand,288.64505
3s0e_ligand,243.243744
3s8l_ligand,355.86972
3rwp_ligand,430.404083
3rv8_ligand,294.117279
3s8n_ligand,358.830017
3s8o_ligand,368.180084
3s2v_ligand,324.784973
3s43_ligand,533.39917
3s54_ligand,548.203278
3rv4_ligand,384.384552
3s9e_ligand,183.826736
3shc_ligand,391.746429
3sha_ligand,384.221313
3si3_ligand,374.285889
3slz_ligand,873.979675
3si4_ligand,391.96286
3sk2_ligand,312.090424
3s6t_ligand,280.973267
3spf_ligand,280.389984
3sm2_ligand,545.557098
3sfg_ligand,196.175125
3st5_ligand,563.322357
3sr4_ligand,438.736237
3std_ligand,422.975586
3sur_ligand,241.209564
3sio_ligand,542.665833
3sus_ligand,241.833984
3sut_ligand,297.810211
3suu_ligand,295.063538
3t0x_ligand,504.378876
3sv2_ligand,396.367218
3suv_ligand,250.257874
3suw_ligand,261.781418
3t1m_ligand,337.168854
3sxf_ligand,403.327942
3t2w_ligand,250.970856
3t3c_ligand,533.069397
3t3u_ligand,423.432526
3t60_ligand,363.475891
3t64_ligand,341.803925
3t6b_ligand,655.308411
3t1a_ligand,476.661896
3t70_ligand,346.201111
3ta0_ligand,445.085907
3ta1_ligand,395.212967
3sww_ligand,317.839081
3td4_ligand,185.025909
3tf6_ligand,179.331955
3tao_ligand,195.637085
3tfp_ligand,451.845001
3tb6_ligand,174.658127
3th9_ligand,487.49704
3tcg_ligand,398.975494
3tkw_ligand,518.324005
3ttp_ligand,525.340332
3ttm_ligand,176.11808
3tif_ligand,368.981659
3tu7_ligand,458.817627
3tmk_ligand,696.029083
3u5j_ligand,304.674072
3tfu_ligand,423.698456
3u5l_ligand,315.098328
3tzm_ligand,421.348389
3tz0_ligand,207.974686
3tza_ligand,318.716385
3u6h_ligand,572.014252
3u6i_ligand,582.871796
3u9q_ligand,282.196838
3u81_ligand,361.144592
3u8j_ligand,253.475601
3u8k_ligand,306.784912
3ubd_ligand,436.519989
3u10_ligand,326.426376
3u8l_ligand,336.214783
3u8n_ligand,321.86203
3ueu_ligand,312.467712
3uev_ligand,350.825287
3uew_ligand,364.990845
3uex_ligand,413.415588
3uj9_ligand,226.18251
3ujc_ligand,226.732834
3ujd_ligand,227.430252
3ug2_ligand,334.965027
3uo4_ligand,399.481018
3uil_ligand,181.603622
3uod_ligand,363.145981
3up2_ligand,391.86937
3upv_ligand,493.928101
3umq_ligand,114.942902
3upk_ligand,510.660736
3uri_ligand,649.1604
3utu_ligand,553.708649
3uu1_ligand,192.68309
3uug_ligand,204.317123
3uxd_ligand,202.008911
3usx_ligand,250.827255
3uz5_ligand,207.684738
3uzj_ligand,175.595009
3uyr_ligand,481.537628
3v2n_ligand,402.89238
3v2p_ligand,483.289307
3uxk_ligand,191.189484
3v2q_ligand,451.937347
3uxl_ligand,187.490288
3v78_ligand,381.678864
3v5p_ligand,404.555176
3v5t_ligand,465.19397
3v51_ligand,493.800659
3veh_ligand,284.733063
3vf5_ligand,581.482361
3vf7_ligand,585.525391
3vfa_ligand,569.544281
3vfb_ligand,590.707977
3vha_ligand,345.769653
3vhc_ligand,387.775543
3vhd_ligand,350.792389
3vhk_ligand,372.867767
3vje_ligand,679.49057
3vvy_ligand,371.266327
3vw1_ligand,469.642578
3vtr_ligand,483.19809
3v4t_ligand,517.870453
3vx3_ligand,374.078278
3w9k_ligand,351.516861
3w9r_ligand,325.776443
3wha_ligand,382.00531
3vjc_ligand,646.275452
3w07_ligand,319.227646
3wgg_ligand,554.421936
3wtj_ligand,313.453461
3wmc_ligand,286.221283
3wtl_ligand,306.337219
3wvm_ligand,411.587738
3wjw_ligand,338.885559
3w5n_ligand,192.971329
3wtm_ligand,303.34021
3wto_ligand,271.625153
3wz6_ligand,394.985474
3wz7_ligand,477.677002
3w37_ligand,403.659271
3wz8_ligand,428.560638
3wzn_ligand,291.051971
3x00_ligand,337.010254
3zbx_ligand,378.519394
3zc5_ligand,401.042328
3zcl_ligand,363.454361
3zdv_ligand,239.956726
3zi8_ligand,161.190872
3zk6_ligand,388.950378
3zj6_ligand,282.446686
3zhx_ligand,267.515808
3zi0_ligand,289.638489
3zln_ligand,438.691895
3zdg_ligand,279.865753
3zdh_ligand,286.830612
3zpu_ligand,668.352264
3zlr_ligand,576.710724
3zm9_ligand,526.591766
3zqe_ligand,254.699615
3zso_ligand,439.219666
3zq9_ligand,254.34169
3zsq_ligand,403.834076
3zsx_ligand,364.190948
3zsy_ligand,355.691528
3zt2_ligand,300.836319
3zt3_ligand,307.46492
3zll_ligand,203.714584
3zyf_ligand,197.456161
3zxz_ligand,407.38559
3zyu_ligand,344.032074
4a4q_ligand,693.487976
3zze_ligand,383.563431
4a4v_ligand,414.839264
4a6b_ligand,691.882477
4a4w_ligand,508.40741
4a6c_ligand,692.630341
4a6s_ligand,190.844208
4a7i_ligand,380.982483
4ab9_ligand,199.283142
3zv7_ligand,241.352814
4aba_ligand,199.037262
4a95_ligand,341.889236
4abb_ligand,194.017441
4abd_ligand,203.615417
4abe_ligand,200.119797
4abf_ligand,207.633987
4abg_ligand,215.419678
4abh_ligand,213.157196
4a6l_ligand,431.624451
4ad6_ligand,196.778641
4aci_ligand,201.352966
4ad2_ligand,269.627045
4ad3_ligand,277.868546
4ag8_ligand,411.027344
4acc_ligand,372.143005
4agc_ligand,421.295135
4ahr_ligand,230.287842
4ahs_ligand,199.533401
4ahu_ligand,200.957657
4afg_ligand,270.861404
4aoi_ligand,371.400024
4alx_ligand,331.729126
4ap7_ligand,357.839203
4aj4_ligand,270.203476
4aje_ligand,248.710052
4aji_ligand,297.34729
4ajl_ligand,348.975586
4aqh_ligand,379.320892
4asd_ligand,482.11911
4ase_ligand,498.688354
4att_ligand,260.130798
4auj_ligand,254.042694
4av4_ligand,247.942932
4av5_ligand,290.70401
4asj_ligand,376.920456
4ara_ligand,396.231964
4ax9_ligand,470.842621
4arb_ligand,386.293762
4arw_ligand,322.085205
4avs_ligand,142.137131
4ayp_ligand,343.338745
4ayq_ligand,214.414551
4ayu_ligand,140.342621
4az6_ligand,332.055481
4azc_ligand,239.833221
4azg_ligand,343.184784
4az5_ligand,246.583267
4b0b_ligand,260.973709
4azi_ligand,359.68512
4azb_ligand,331.96843
4b2i_ligand,149.79203
4b2l_ligand,202.313507
4b3b_ligand,321.907043
4b3c_ligand,154.869926
4b3d_ligand,154.337646
4b1j_ligand,498.814117
4b6r_ligand,345.757187
4b7p_ligand,429.379395
4b5d_ligand,361.902634
4b8y_ligand,398.210632
4b6o_ligand,335.065186
4b9k_ligand,371.372284
4b7j_ligand,324.664856
4b6p_ligand,326.552216
4b32_ligand,162.598572
4b33_ligand,162.506744
4b34_ligand,165.948196
4b6s_ligand,327.185806
4b35_ligand,167.664047
4b7r_ligand,323.164749
4b9z_ligand,422.56015
4bah_ligand,430.270233
4bak_ligand,471.755371
4bam_ligand,462.416626
4ban_ligand,456.385376
4bao_ligand,456.05127
4baq_ligand,471.245941
4b73_ligand,372.737823
4b74_ligand,432.239929
4b76_ligand,256.571564
4bb9_ligand,272.354797
4bc5_ligand,174.943115
4bck_ligand,376.876678
4bcs_ligand,302.056366
4bcm_ligand,426.587311
4bcn_ligand,351.270599
4bco_ligand,461.98526
4bcp_ligand,423.621582
4bks_ligand,299.096085
4bkt_ligand,239.72113
4bi6_ligand,175.863747
4bi7_ligand,174.080841
4bj8_ligand,283.42598
4bqg_ligand,290.68338
4bqs_ligand,225.763809
4buq_ligand,250.11171
4bs0_ligand,194.870575
4btk_ligand,314.35994
4bqh_ligand,378.796188
4c1t_ligand,511.600189
4c2v_ligand,482.736237
4c1u_ligand,383.506073
4c1y_ligand,164.038391
4c9x_ligand,378.056427
4c52_ligand,449.393188
4c5d_ligand,483.691559
4br3_ligand,386.909119
4cc5_ligand,207.458618
4cd0_ligand,409.622711
4cd4_ligand,280.765686
4cfl_ligand,272.52536
4cd5_ligand,302.06636
4ceb_ligand,436.215729
4cg9_ligand,347.304993
4cig_ligand,355.163025
4cg8_ligand,522.529694
4cgi_ligand,353.471649
4cga_ligand,361.25528
4c6u_ligand,289.627563
4cj4_ligand,346.830566
4cjp_ligand,331.171814
4cjq_ligand,361.616058
4cjr_ligand,342.294525
4ck3_ligand,338.025635
4cl6_ligand,339.440613
4clj_ligand,374.568085
4cmo_ligand,362.013489
4cp7_ligand,721.473236
4cpr_ligand,691.045502
4cps_ligand,640.569305
4cp5_ligand,330.544189
4cpt_ligand,670.738953
4cpw_ligand,645.770111
4cra_ligand,435.351898
4ciw_ligand,257.12825
4cr5_ligand,200.988922
4cr9_ligand,207.666183
4crb_ligand,460.692688
4crf_ligand,443.877625
4cpy_ligand,325.773865
4css_ligand,274.522339
4cpz_ligand,340.949432
4csd_ligand,180.094971
4cst_ligand,276.512054
4crl_ligand,361.617798
4cwo_ligand,343.724564
4cwf_ligand,256.94281
4cwn_ligand,374.314941
4cwp_ligand,325.40918
4cwq_ligand,362.550446
4cwr_ligand,336.289932
4cws_ligand,392.743286
4cwt_ligand,390.404968
4cu7_ligand,190.862396
4cu8_ligand,192.054108
4d3h_ligand,460.371216
4d1j_ligand,185.660309
4d7b_ligand,321.074249
4czs_ligand,415.773499
4d8z_ligand,245.053055
4daf_ligand,233.537674
4db7_ligand,238.859909
4da5_ligand,298.575653
4dcs_ligand,296.016876
4de0_ligand,265.759048
4ddh_ligand,232.604874
4ddk_ligand,189.57016
4ddm_ligand,171.480057
4dbm_ligand,367.754211
4de5_ligand,198.327988
4der_ligand,325.979919
4dfg_ligand,599.598694
4des_ligand,302.134918
4det_ligand,319.160156
4djo_ligand,569.932709
4dew_ligand,320.072556
4deu_ligand,318.285995
4djp_ligand,583.205078
4djq_ligand,574.141052
4djr_ligand,542.263611
4dju_ligand,258.857025
4djv_ligand,364.152588
4djw_ligand,330.961456
4djx_ligand,324.671417
4dko_ligand,313.342957
4djy_ligand,352.399109
4dkp_ligand,307.384369
4dkq_ligand,333.714539
4dkr_ligand,333.543121
4dst_ligand,175.533463
4dsu_ligand,145.527306
4dld_ligand,315.377655
4dmw_ligand,294.006989
4duh_ligand,389.993774
4do5_ligand,196.622559
4dq2_ligand,557.129425
4e4l_ligand,354.890839
4dzy_ligand,228.573029
4e4n_ligand,362.497955
4dy6_ligand,501.511292
4e6q_ligand,387.874466
4e0x_ligand,244.664612
4e5w_ligand,425.35791
4e6d_ligand,348.543854
4e67_ligand,540.92627
4e7r_ligand,508.469025
4e1k_ligand,362.595978
4egk_ligand,329.499817
4e70_ligand,265.002747
4ef6_ligand,218.43364
4efk_ligand,221.76474
4ehz_ligand,301.296783
4ei4_ligand,308.497864
4ej8_ligand,135.11972
4elf_ligand,555.976685
4ejl_ligand,154.244675
4elg_ligand,545.361877
4eb8_ligand,309.444092
4ek9_ligand,343.722839
4elh_ligand,516.055908
4emf_ligand,304.919327
4emr_ligand,351.686279
4epy_ligand,287.588318
4eo6_ligand,365.50415
4en4_ligand,222.48378
4eo8_ligand,363.096832
4er1_ligand,728.36377
4erf_ligand,380.047913
4eoh_ligand,183.110413
4eor_ligand,388.911926
4er2_ligand,584.140015
4etz_ligand,306.908264
4ew2_ligand,394.81485
4eu0_ligand,284.683746
4euo_ligand,161.662979
4ewn_ligand,315.717499
4ezx_ligand,534.655396
4f1l_ligand,266.309723
4f0c_ligand,516.410309
4f2w_ligand,333.612259
4f3c_ligand,381.920593
4f5y_ligand,482.0336
4f3k_ligand,401.655182
4ezr_ligand,652.755371
4ezz_ligand,654.470581
4f6u_ligand,525.376251
4f7v_ligand,551.230194
4f6w_ligand,713.647522
4fcq_ligand,325.647614
4f09_ligand,294.088562
4f9y_ligand,332.275146
4fev_ligand,312.484604
4fht_ligand,180.467163
4flp_ligand,355.520874
4ffs_ligand,388.294189
4fl1_ligand,364.624481
4fk6_ligand,365.404587
4fl2_ligand,437.621094
4fsl_ligand,519.475555
4fxp_ligand,374.329193
4fxq_ligand,341.049561
4g0p_ligand,227.689896
4g0q_ligand,238.783875
4fs4_ligand,330.084015
4g0y_ligand,240.60965
4g0z_ligand,230.494278
4g4p_ligand,188.593201
4fzj_ligand,137.912735
4g8v_ligand,276.299988
4g8m_ligand,199.697861
4g8y_ligand,273.85498
4g90_ligand,275.264099
4fys_ligand,565.754669
4g5f_ligand,195.560776
4g95_ligand,310.742477
4ge1_ligand,240.318909
4g8n_ligand,209.870377
4ggz_ligand,278.856201
4gfm_ligand,291.364166
4gah_ligand,644.921387
4gfo_ligand,286.215103
4gg7_ligand,410.252502
4ghi_ligand,321.952286
4gih_ligand,351.348221
4gii_ligand,378.042572
4gid_ligand,715.22757
4gj2_ligand,362.671967
4gj3_ligand,377.696503
4gkm_ligand,278.432724
4gny_ligand,340.406616
4gqp_ligand,241.396133
4gq4_ligand,318.685303
4gu9_ligand,243.660858
4gqq_ligand,182.70607
4fp1_ligand,188.445076
4gqr_ligand,211.792053
4gue_ligand,408.303375
4gu6_ligand,401.757141
4h3f_ligand,452.074249
4h3g_ligand,438.971252
4h3j_ligand,455.244141
4h7q_ligand,196.749298
4h42_ligand,231.116684
4h75_ligand,602.184265
4gzp_ligand,317.839279
4gzt_ligand,303.604736
4gzw_ligand,350.433563
4hbm_ligand,403.481659
4gzx_ligand,317.278198
4h81_ligand,226.819077
4hdb_ligand,562.53299
4ha5_ligand,307.303864
4hdf_ligand,548.004974
4hdp_ligand,564.691559
4h85_ligand,205.178253
4heg_ligand,557.638397
4hla_ligand,528.818726
4hfp_ligand,469.550812
4hge_ligand,381.022186
4hp0_ligand,483.914429
4hpi_ligand,385.267487
4hw3_ligand,394.434204
4hj2_ligand,524.830048
4hy1_ligand,371.257507
4hzm_ligand,237.431747
4i7j_ligand,139.479362
4hym_ligand,350.263275
4i5c_ligand,339.09462
4i7k_ligand,161.274651
4i7l_ligand,150.157173
4i7m_ligand,204.168167
4i7p_ligand,145.10054
4i3z_ligand,348.189285
4i8n_ligand,317.311676
4i8w_ligand,550.781525
4i8z_ligand,547.525482
4ibb_ligand,331.048553
4ibc_ligand,320.61969
4ibd_ligand,331.97403
4ibe_ligand,307.516937
4ibf_ligand,340.089508
4i54_ligand,352.297607
4ibg_ligand,372.035156
4ibi_ligand,363.429626
4ibj_ligand,390.428802
4ibk_ligand,342.040131
4ieh_ligand,644.434052
4ih5_ligand,245.98407
4i8x_ligand,219.15239
4i9h_ligand,591.999878
4idn_ligand,431.764008
4i9u_ligand,289.624786
4ido_ligand,385.55661
4ij1_ligand,277.341232
4ih6_ligand,309.180008
4io2_ligand,185.776367
4io3_ligand,165.503044
4io4_ligand,145.98658
4io5_ligand,136.026161
4io6_ligand,200.419418
4io7_ligand,213.548035
4iic_ligand,182.210617
4iid_ligand,185.900208
4iif_ligand,210.112854
4ipi_ligand,157.589546
4ish_ligand,400.208405
4isi_ligand,427.359314
4ipj_ligand,152.461479
4isu_ligand,249.793457
4iva_ligand,347.205765
4ivb_ligand,348.62384
4iuo_ligand,211.81723
4j7d_ligand,386.035461
4j7e_ligand,310.732605
4ivc_ligand,369.244415
4j93_ligand,266.581375
4ipn_ligand,359.34021
4ivd_ligand,375.049408
4jfk_ligand,406.566101
4jfm_ligand,316.134888
4jal_ligand,366.666138
4j28_ligand,206.784058
4jkw_ligand,222.498642
4jia_ligand,323.546173
4jn2_ligand,427.910095
4jfs_ligand,219.805756
4jwk_ligand,219.371841
4jx9_ligand,184.743195
4jxs_ligand,285.048935
4jyt_ligand,377.459595
4jz1_ligand,421.219727
4jym_ligand,219.306152
4jzi_ligand,377.631287
4k0y_ligand,381.552505
4k3h_ligand,429.497803
4k4j_ligand,420.981628
4jyb_ligand,323.73941
4jyc_ligand,280.822662
4k7i_ligand,123.84391
4k7n_ligand,148.374016
4k6i_ligand,452.145752
4k55_ligand,225.962524
4k9y_ligand,547.975555
4k18_ligand,382.157562
4kao_ligand,480.091553
4k77_ligand,302.954208
4jh0_ligand,304.336334
4kax_ligand,374.304138
4kb9_ligand,580.068451
4kcx_ligand,336.39386
4kfq_ligand,214.44603
4km0_ligand,254.791046
4km2_ligand,308.974304
4kmz_ligand,422.963654
4kn0_ligand,443.890686
4kn1_ligand,430.473328
4kow_ligand,359.182343
4kqp_ligand,187.828064
4ksy_ligand,587.738983
4kiu_ligand,357.372101
4kxn_ligand,382.561493
4kz3_ligand,171.350952
4kz4_ligand,242.834686
4kwf_ligand,309.664948
4kz6_ligand,236.916412
4kz7_ligand,189.107285
4kwg_ligand,244.440323
4ks1_ligand,328.638397
4ks4_ligand,400.942871
4l4z_ligand,253.53978
4l9i_ligand,317.95047
4l4v_ligand,348.658432
4lar_ligand,222.660294
4l50_ligand,316.527206
4l51_ligand,247.654404
4lhv_ligand,306.781921
4lj5_ligand,344.569672
4lj8_ligand,345.914459
4lhm_ligand,261.540863
4ll3_ligand,527.140808
4ko8_ligand,431.291962
4ljh_ligand,223.011612
4lk7_ligand,229.568268
4lov_ligand,250.53653
4loh_ligand,582.806152
4loi_ligand,562.75882
4loy_ligand,473.2742
4loo_ligand,365.393051
4luz_ligand,419.620178
4lvt_ligand,662.45874
4lxd_ligand,527.58783
4lyw_ligand,308.478394
4lzr_ligand,307.60495
4lzs_ligand,244.168472
4m0y_ligand,295.52977
4m0r_ligand,332.601105
4ly9_ligand,521.883362
4lkk_ligand,278.588806
4m8e_ligand,435.004913
4m7j_ligand,348.759644
4lko_ligand,292.723663
4m8h_ligand,435.874176
4m8x_ligand,630.147705
4m8y_ligand,640.142578
4m12_ligand,427.441498
4m13_ligand,450.812958
4mc1_ligand,585.945312
4m14_ligand,297.566559
4mc2_ligand,573.846771
4mc6_ligand,571.261536
4mc9_ligand,559.176758
4mdn_ligand,472.014496
4m0e_ligand,294.982529
4mhz_ligand,289.305176
4mgd_ligand,346.092407
4mmm_ligand,137.25
4mn3_ligand,568.334045
4mmp_ligand,331.637161
4mjp_ligand,291.278824
4mnp_ligand,316.538376
4mr3_ligand,271.501694
4mme_ligand,317.452637
4mo4_ligand,261.580444
4m6u_ligand,126.755653
4mq6_ligand,406.588837
4mre_ligand,152.262444
4mrg_ligand,167.209259
4mr6_ligand,321.929932
4mpn_ligand,289.070465
4muv_ligand,334.357407
4myd_ligand,261.512131
4muf_ligand,468.438141
4mul_ligand,433.879822
4mss_ligand,249.862671
4n6g_ligand,167.158737
4n7u_ligand,117.841782
4n6z_ligand,352.078537
4n5d_ligand,202.875671
4n8q_ligand,179.818405
4na9_ligand,402.561768
4n9a_ligand,207.914902
4n7m_ligand,219.267258
4nbk_ligand,268.709763
4n9c_ligand,196.938156
4ndu_ligand,162.106033
4nbl_ligand,300.15184
4ncn_ligand,386.933044
4nh7_ligand,466.571747
4nh8_ligand,445.472534
4nnr_ligand,407.197266
4non_ligand,266.113037
4np2_ligand,200.135513
4nbn_ligand,380.181427
4nl1_ligand,172.642944
4nkt_ligand,327.144714
4nra_ligand,193.924667
4nku_ligand,322.773376
4np3_ligand,211.486771
4nuc_ligand,304.009521
4np9_ligand,198.957184
4nue_ligand,301.327484
4nwc_ligand,277.917603
4o0a_ligand,456.566071
4nxu_ligand,324.508331
4o0b_ligand,462.222351
4nxv_ligand,327.684021
4o0x_ligand,430.8508
4o0y_ligand,405.616516
4o2p_ligand,415.887512
4o2c_ligand,829.207458
4nvp_ligand,341.300491
4o04_ligand,403.887848
4o05_ligand,495.647491
4o3f_ligand,332.530823
4o07_ligand,494.540741
4o6w_ligand,565.286255
4o9v_ligand,413.429199
4o9w_ligand,357.24649
4o09_ligand,452.576324
4o61_ligand,216.221329
4o97_ligand,392.114594
4oct_ligand,179.071976
4ocq_ligand,267.49408
4ogj_ligand,302.6073
4oag_ligand,349.74588
4og3_ligand,382.318298
4og4_ligand,376.786469
4oiv_ligand,502.279053
4omj_ligand,682.186188
4omc_ligand,578.47934
4or4_ligand,316.763458
4omk_ligand,692.701447
4o2b_ligand,466.532776
4oks_ligand,308.529327
4or6_ligand,302.341003
4ovf_ligand,225.772003
4ovg_ligand,235.184143
4owm_ligand,163.310234
4ovh_ligand,263.815002
4owv_ligand,163.244392
4oma_ligand,338.804733
4p3h_ligand,296.44574
4ozj_ligand,376.436066
4p5z_ligand,488.378418
4p5d_ligand,420.046356
4p6w_ligand,519.098938
4p6c_ligand,245.813644
4p58_ligand,236.945831
4p6x_ligand,393.888428
4pcs_ligand,216.621338
4pee_ligand,238.170502
4pfu_ligand,317.6996
4pft_ligand,317.731277
4pg9_ligand,790.792114
4phu_ligand,411.614014
4pb2_ligand,233.182419
4pf5_ligand,172.829941
4pmm_ligand,519.359344
4pin_ligand,243.890915
4pop_ligand,327.529526
4poh_ligand,422.019623
4poj_ligand,437.110291
4pow_ligand,330.247879
4pox_ligand,355.100494
4pp3_ligand,434.480804
4pp5_ligand,436.77829
4pp0_ligand,329.487564
4psb_ligand,355.559891
4pnu_ligand,299.190613
4q0k_ligand,344.800629
4q1w_ligand,551.799805
4q1x_ligand,549.653564
4q1y_ligand,541.628082
4pzv_ligand,487.354309
4pvx_ligand,392.246918
4pvy_ligand,407.361328
4q46_ligand,311.118317
4q9o_ligand,432.870453
4q19_ligand,404.833344
4qb3_ligand,303.909439
4q3t_ligand,231.277847
4qem_ligand,186.162964
4q3u_ligand,227.825821
4q93_ligand,267.192596
4qer_ligand,265.241241
4qdk_ligand,437.122711
4qev_ligand,339.226898
4qew_ligand,348.382599
4qf7_ligand,289.852707
4qf8_ligand,240.316177
4qac_ligand,388.880844
4qf9_ligand,230.346268
4qfl_ligand,294.542267
4qfn_ligand,244.703918
4qgd_ligand,265.518478
4qfo_ligand,327.931381
4qfp_ligand,259.59787
4qgi_ligand,645.853882
4ql1_ligand,416.0047
4qpd_ligand,380.101166
4qp2_ligand,172.718658
4qsu_ligand,140.550583
4qrh_ligand,450.645386
4qsv_ligand,205.818268
4qxo_ligand,321.743179
4qyy_ligand,517.329681
4r4c_ligand,449.202209
4r4i_ligand,428.697083
4r4o_ligand,402.281647
4qnb_ligand,473.267609
4r4t_ligand,426.664764
4r3w_ligand,299.600372
4r73_ligand,258.183853
4r74_ligand,255.644165
4r75_ligand,297.501144
4r06_ligand,519.844177
4qij_ligand,714.086609
4r0a_ligand,264.992416
4ra1_ligand,239.313156
4rak_ligand,502.067993
4rd0_ligand,312.280975
4rd3_ligand,314.573364
4rd6_ligand,307.378296
4rdn_ligand,295.530167
4rfr_ligand,305.216446
4rfm_ligand,389.279663
4rj8_ligand,392.045837
4re2_ligand,207.536392
4re4_ligand,184.286942
4rhx_ligand,439.819641
4rlt_ligand,314.204605
4rlu_ligand,317.0728
4rpn_ligand,245.462479
4rpo_ligand,218.467804
4rlw_ligand,328.453705
4rqk_ligand,306.200409
4rqv_ligand,317.364059
4rr6_ligand,383.71254
4rra_ligand,392.021942
4rrf_ligand,374.437973
4rvr_ligand,290.722198
4rrg_ligand,377.602783
4rsk_ligand,213.788345
4rwj_ligand,467.958984
4rww_ligand,422.414948
4s1g_ligand,433.637756
4sga_ligand,368.871826
4tjz_ligand,253.313141
4ryd_ligand,580.836487
4tkb_ligand,299.755844
4tkh_ligand,336.904205
4tkj_ligand,381.475189
4tqn_ligand,288.543991
4tpw_ligand,293.264923
4tmk_ligand,634.573669
4tt2_ligand,372.687622
4trc_ligand,151.651215
4std_ligand,357.383377
4tte_ligand,231.01799
4tu4_ligand,315.044006
4tim_ligand,195.949417
4tun_ligand,215.212524
4tz2_ligand,240.412659
4ty6_ligand,401.820496
4ty7_ligand,430.513702
4u0w_ligand,302.480148
4u5n_ligand,412.680664
4u5o_ligand,252.840637
4u5s_ligand,438.595917
4ts1_ligand,214.424683
4u8w_ligand,540.761902
4ua8_ligand,430.723419
4u54_ligand,161.845337
4u0f_ligand,278.25499
4uac_ligand,538.075256
4u43_ligand,273.199463
4ucc_ligand,234.868484
4ual_ligand,375.646179
4uc5_ligand,242.234924
4ufi_ligand,180.380066
4ufj_ligand,184.690918
4ufk_ligand,172.743729
4ufl_ligand,195.916733
4uin_ligand,338.426788
4uj1_ligand,366.735657
4uj2_ligand,381.891083
4ufm_ligand,190.434219
4uja_ligand,375.951111
4ujb_ligand,376.423294
4unp_ligand,273.211441
4und_ligand,341.181427
4uof_ligand,330.097198
4ury_ligand,286.92897
4uoh_ligand,332.318909
4uma_ligand,184.490204
4umb_ligand,177.268799
4umc_ligand,183.313873
4urz_ligand,291.163452
4uye_ligand,325.958557
4uyf_ligand,323.613525
4us3_ligand,255.889526
4v01_ligand,561.781555
4v24_ligand,596.652466
4w9c_ligand,315.322174
4v27_ligand,275.234421
4w9d_ligand,328.538361
4w9f_ligand,337.556335
4w9h_ligand,389.341156
4w9i_ligand,348.674438
4w9o_ligand,410.497437
4w9j_ligand,455.087036
4w9k_ligand,438.113708
4w9p_ligand,413.115753
4w9l_ligand,443.145569
4w52_ligand,157.001785
4wiv_ligand,299.275726
4wa9_ligand,426.991241
4wk1_ligand,440.103149
4w97_ligand,741.318298
4wn5_ligand,500.779846
4wkb_ligand,348.90535
4wkn_ligand,347.783051
4wko_ligand,408.713501
4wkp_ligand,414.85321
4wov_ligand,360.393036
4wt2_ligand,577.411743
4wop_ligand,292.819275
4x5p_ligand,276.257782
4wrb_ligand,299.871368
4x5q_ligand,307.13324
4x5r_ligand,316.314026
4x6m_ligand,456.007324
4x6n_ligand,477.308411
4x8o_ligand,790.552917
4x6o_ligand,500.582001
4x5y_ligand,432.030518
4x5z_ligand,368.921936
4x50_ligand,269.369797
4x8u_ligand,204.638474
4x8v_ligand,518.021973
4x24_ligand,349.866653
4xip_ligand,362.524246
4xaq_ligand,217.81398
4xiq_ligand,372.289581
4xar_ligand,216.613205
4xas_ligand,247.249405
4xir_ligand,437.286713
4xit_ligand,456.034576
4xmb_ligand,476.849579
4xo8_ligand,249.76358
4xoc_ligand,271.451889
4xk9_ligand,550.424255
4xoe_ligand,288.759232
4xmr_ligand,202.278137
4xt2_ligand,413.646271
4xtv_ligand,531.866547
4xtw_ligand,549.865906
4xtx_ligand,559.489807
4xty_ligand,538.27005
4xtz_ligand,552.109955
4xu0_ligand,545.849548
4xu1_ligand,539.663727
4xu2_ligand,541.859497
4xy8_ligand,286.18483
4xu3_ligand,533.684753
4xya_ligand,268.021408
4y0a_ligand,216.839111
4xxh_ligand,404.714172
4y3j_ligand,192.975327
4y3y_ligand,171.766235
4y4j_ligand,201.960068
4y2q_ligand,264.817856
4y8x_ligand,498.773132
4y5d_ligand,306.099091
4y79_ligand,386.219635
4yc0_ligand,235.920059
4ybk_ligand,503.825287
4y59_ligand,281.198532
4yb5_ligand,200.873962
4yes_ligand,366.468933
4yk0_ligand,197.786957
4yhm_ligand,402.599182
4yho_ligand,416.209595
4ykj_ligand,131.886841
4ykk_ligand,133.074692
4ymb_ligand,317.665268
4ymg_ligand,437.33667
4ymh_ligand,407.262238
4ymq_ligand,572.78952
4ynl_ligand,440.273315
4ymx_ligand,233.260452
4yml_ligand,345.267471
4ynb_ligand,392.034058
4ytc_ligand,350.124786
4yth_ligand,368.810532
4yzu_ligand,353.915222
4z0k_ligand,362.537842
4z93_ligand,334.348755
4ysl_ligand,306.450012
4z2b_ligand,429.06488
4z84_ligand,384.028961
4z83_ligand,373.558319
4z07_ligand,312.75119
4zae_ligand,432.456909
4zbf_ligand,412.353088
4zbi_ligand,397.575439
4zb6_ligand,486.651642
4zcs_ligand,479.124451
4zb8_ligand,486.404083
4zba_ligand,494.719147
4zgk_ligand,305.248871
4zip_ligand,656.254486
4zeb_ligand,432.988037
4zec_ligand,422.123566
4zei_ligand,215.807068
4zji_ligand,395.184662
4zek_ligand,242.878525
4zls_ligand,660.548676
4zt8_ligand,150.415314
4zl4_ligand,629.978943
4zv1_ligand,236.778122
4zv2_ligand,194.820862
4zow_ligand,285.817459
4zyf_ligand,536.810242
4zvi_ligand,304.020111
4zzd_ligand,347.206436
5a2i_ligand,357.080444
5a5q_ligand,211.906876
4zzx_ligand,296.272995
4zzy_ligand,384.258636
5a81_ligand,306.994171
5aan_ligand,295.051041
5aa9_ligand,373.617523
5acy_ligand,337.753235
4zzz_ligand,255.844345
5a6x_ligand,149.628937
5ahw_ligand,300.808868
5am6_ligand,312.412567
5am7_ligand,292.687439
5alb_ligand,528.029388
5ant_ligand,374.901413
5anu_ligand,380.402603
5anv_ligand,403.168335
5afv_ligand,235.307419
5aut_ligand,313.116089
5a6k_ligand,247.937698
5aqz_ligand,300.987625
5ave_ligand,145.769089
5avf_ligand,156.77832
5ayt_ligand,333.113708
5b5f_ligand,318.205627
5bry_ligand,558.995575
5b5g_ligand,237.541855
5bs4_ligand,544.403198
5btx_ligand,212.304001
5boj_ligand,331.827408
5btv_ligand,268.829254
5bw4_ligand,403.478638
5b2d_ligand,366.394897
5c8n_ligand,403.841309
5cap_ligand,409.79129
5c1m_ligand,449.152557
5bv3_ligand,427.027191
5caq_ligand,392.939209
5bwc_ligand,388.159424
5cas_ligand,415.750854
5cau_ligand,414.234039
5cc2_ligand,221.150162
5cep_ligand,344.34317
5cbr_ligand,335.860718
5ceq_ligand,340.937286
5cbs_ligand,291.528275
5cj6_ligand,337.288223
5cp5_ligand,315.632462
5cqt_ligand,307.730515
5chk_ligand,272.320007
5cp9_ligand,160.543793
5cqu_ligand,372.446136
5cks_ligand,285.852051
5cs3_ligand,240.604691
5cso_ligand,252.853302
5cs6_ligand,184.564133
5cy9_ligand,303.541321
5cst_ligand,297.894913
5csp_ligand,197.758484
5d0c_ligand,330.070801
5ct2_ligand,227.157867
5cu4_ligand,554.419037
5d3h_ligand,334.55191
5d3j_ligand,320.032288
5d3l_ligand,301.504517
5d3n_ligand,320.933411
5d3p_ligand,325.06192
5d3t_ligand,349.674744
5d3x_ligand,218.99527
5d0r_ligand,322.266312
5d24_ligand,342.288879
5d25_ligand,315.519958
5d26_ligand,306.547638
5d45_ligand,441.325714
5d47_ligand,464.663574
5d48_ligand,521.815918
5dbm_ligand,260.759949
5d21_ligand,200.966476
5d6j_ligand,440.407257
5dgu_ligand,567.60965
5dey_ligand,484.228882
5dgw_ligand,574.480438
5dfp_ligand,494.076294
5dit_ligand,514.076843
5dlx_ligand,381.271484
5dex_ligand,312.235397
5dkn_ligand,292.434692
5dnu_ligand,207.262787
5dq8_ligand,316.377151
5dhu_ligand,360.137604
5dqe_ligand,294.752747
5dus_ligand,476.555389
5duw_ligand,210.297638
5dqc_ligand,772.423187
5dx4_ligand,307.654144
5dwr_ligand,413.578705
5dqf_ligand,342.805664
5e1s_ligand,455.83728
5e2o_ligand,445.099182
5dyo_ligand,303.188126
5e2p_ligand,489.398132
5e6o_ligand,472.112488
5e7n_ligand,314.001953
5e8f_ligand,485.926056
5e13_ligand,269.515991
5e73_ligand,279.261749
5e74_ligand,291.59137
5e89_ligand,341.224518
5dxt_ligand,409.035004
5edb_ligand,315.246048
5edc_ligand,395.162659
5e2l_ligand,241.37236
5edl_ligand,285.328629
5efa_ligand,334.405487
5ect_ligand,371.80188
5efc_ligand,274.35553
5edd_ligand,357.72168
5egu_ligand,386.783264
5egm_ligand,434.372498
5ei3_ligand,275.313477
5eis_ligand,284.695602
5eng_ligand,334.089172
5ehr_ligand,384.113205
5ehq_ligand,635.300903
5ep7_ligand,238.325729
5epl_ligand,610.689758
5eq1_ligand,202.366638
5en3_ligand,301.641769
5el9_ligand,225.86644
5elw_ligand,226.23819
5er4_ligand,181.618088
5etb_ligand,205.89476
5er1_ligand,476.136475
5eqe_ligand,281.552597
5er2_ligand,753.687561
5eqp_ligand,275.082153
5eqy_ligand,376.263245
5eu1_ligand,332.96756
5ewk_ligand,329.772232
5ewy_ligand,286.784286
5exm_ligand,456.075256
5evz_ligand,411.742096
5exn_ligand,513.504547
5etj_ligand,327.038971
5exw_ligand,443.072479
5ey0_ligand,365.636597
5ey4_ligand,296.598785
5f1h_ligand,347.763672
5eyr_ligand,459.933197
5f0f_ligand,416.536682
5f2p_ligand,238.584747
5f2u_ligand,790.666138
5f1v_ligand,228.592194
5f5z_ligand,422.980896
5f1r_ligand,409.56604
5f1x_ligand,438.224152
5f2r_ligand,477.897095
5f25_ligand,242.968781
5f60_ligand,340.428131
5f8y_ligand,167.922211
5f61_ligand,419.609711
5f62_ligand,350.543579
5f08_ligand,402.185944
5f63_ligand,381.262512
5fe6_ligand,223.357803
5f9b_ligand,414.299744
5fbi_ligand,218.854584
5f74_ligand,256.527924
5fe7_ligand,241.992767
5fck_ligand,451.980164
5fe9_ligand,284.959412
5fh7_ligand,274.376831
5fh8_ligand,287.749191
5fnf_ligand,228.137589
5fnr_ligand,288.774414
5fnc_ligand,280.052948
5fhn_ligand,400.619995
5fho_ligand,400.409775
5fnd_ligand,238.735153
5fns_ligand,358.118958
5fnt_ligand,393.631317
5fnu_ligand,418.261749
5fot_ligand,324.259613
5fog_ligand,370.880524
5fou_ligand,315.733307
5fs5_ligand,237.158554
5fov_ligand,301.541595
5fox_ligand,317.289398
5fpk_ligand,320.577637
5fol_ligand,401.741364
5fsn_ligand,245.473816
5fso_ligand,180.610809
5fsx_ligand,355.507477
5fsy_ligand,481.842957
5fto_ligand,459.700165
5fyx_ligand,325.18959
5fsc_ligand,164.162354
5fut_ligand,454.815613
5g1z_ligand,332.526291
5g2g_ligand,250.73317
5ftg_ligand,447.009338
5g45_ligand,193.745316
5g5f_ligand,272.756683
5g46_ligand,161.075989
5h5f_ligand,433.014587
5g60_ligand,393.40451
5gsa_ligand,321.477234
5gs9_ligand,247.847961
5g5z_ligand,373.171417
5h9r_ligand,282.480988
5h85_ligand,258.641953
5h8e_ligand,454.155487
5h8g_ligand,458.242035
5hbn_ligand,164.465073
5ha1_ligand,434.380859
5hbs_ligand,429.471375
5hcv_ligand,431.530762
5hct_ligand,355.594696
5hrv_ligand,251.97493
5hjq_ligand,199.460556
5hcy_ligand,485.981049
5hrw_ligand,246.119278
5hrx_ligand,257.758133
5gmh_ligand,381.444595
5hu9_ligand,599.275696
5htz_ligand,398.631317
5hwu_ligand,377.561554
5hvs_ligand,312.447083
5hvt_ligand,291.750793
5hz5_ligand,428.113861
5hz6_ligand,413.071655
5hz8_ligand,395.697723
5hz9_ligand,339.80542
5i1q_ligand,371.144623
5i2e_ligand,462.158234
5i2f_ligand,340.358856
5i7x_ligand,268.389374
5i3v_ligand,427.059784
5i7y_ligand,315.997467
5i3w_ligand,484.864899
5i3x_ligand,579.213165
5i3y_ligand,614.731293
5i29_ligand,299.760712
5i9x_ligand,424.283051
5i80_ligand,280.295303
5i88_ligand,345.185181
5i9z_ligand,383.061859
5i9y_ligand,429.383911
5ia0_ligand,401.061829
5ia1_ligand,360.244324
5ia2_ligand,397.072723
5ia3_ligand,387.15094
5ia4_ligand,594.578461
5ia5_ligand,605.84613
5ii2_ligand,252.826202
5igm_ligand,356.824799
5ijr_ligand,240.588242
5ie1_ligand,386.05542
5ih9_ligand,388.371582
5ihh_ligand,325.407043
5ikb_ligand,243.172806
5ime_ligand,479.630127
5ipc_ligand,436.078552
5ioz_ligand,307.020782
5ipj_ligand,382.507736
5ito_ligand,297.770477
5itp_ligand,304.04837
5ivc_ligand,296.417236
5ive_ligand,267.955078
5ivv_ligand,256.736481
5iyy_ligand,237.744385
5ivy_ligand,287.231155
5j0d_ligand,356.461395
5j1x_ligand,245.86554
5izf_ligand,686.033813
5isz_ligand,1062.354797
5izj_ligand,504.861389
5j2x_ligand,330.327362
5j1r_ligand,276.741043
5j3l_ligand,320.250046
5j6l_ligand,432.209717
5j7q_ligand,238.811035
5j6m_ligand,425.279083
5j6n_ligand,405.322662
5j6a_ligand,353.336365
5j20_ligand,417.816772
5j8m_ligand,316.895599
5j8u_ligand,294.342392
5j9x_ligand,428.059296
5j27_ligand,404.228607
5j7w_ligand,400.501678
5j41_ligand,477.666412
5jfp_ligand,611.089508
5j64_ligand,304.752792
5j82_ligand,393.690369
5j86_ligand,447.039062
5jfu_ligand,615.117676
5jg1_ligand,627.598816
5jgi_ligand,221.001755
5jgq_ligand,218.141342
5ja0_ligand,467.841827
5ji8_ligand,212.118729
5jhk_ligand,262.91864
5jsg_ligand,405.051941
5jsj_ligand,535.212433
5jq5_ligand,441.052429
5jsq_ligand,280.665573
5jox_ligand,179.441818
5jhb_ligand,439.822601
5k0h_ligand,486.036499
5k8s_ligand,331.435623
5k0m_ligand,408.090149
5k03_ligand,243.11409
5jy3_ligand,535.075073
5ka1_ligand,248.668549
5k9w_ligand,242.601669
5ka7_ligand,252.080551
5ka9_ligand,221.368576
5kab_ligand,212.245575
5kad_ligand,249.824615
5kat_ligand,300.576981
5kax_ligand,411.36676
5kcb_ligand,284.818848
5km9_ligand,254.531891
5kly_ligand,416.807404
5khm_ligand,525.294373
5kma_ligand,363.59848
5kej_ligand,334.703796
5kqx_ligand,661.392365
5ko1_ligand,394.258118
5kqy_ligand,555.058105
5kr0_ligand,539.280151
5kby_ligand,317.829056
5kr1_ligand,553.854584
5l2s_ligand,435.0448
5kz0_ligand,400.11377
5kr2_ligand,649.828186
5kva_ligand,401.727081
5l3a_ligand,211.259491
5ko5_ligand,158.893463
5l7e_ligand,384.445053
5l7h_ligand,425.801239
5l7g_ligand,466.711395
5l4j_ligand,261.048264
5l4i_ligand,310.588364
5l4m_ligand,245.779419
5l8a_ligand,373.58316
5l9o_ligand,353.639374
5l9i_ligand,326.985352
5l9g_ligand,366.658798
5l9l_ligand,345.907135
5l30_ligand,497.40744
5ldm_ligand,223.269211
5lne_ligand,227.875549
5ldp_ligand,312.304626
5lny_ligand,435.424042
5lli_ligand,417.25061
5lsh_ligand,407.625702
5lso_ligand,412.829407
5lom_ligand,336.155121
5lsg_ligand,453.708649
5ld8_ligand,314.292603
5lvq_ligand,280.784561
5lud_ligand,140.364647
5lvl_ligand,238.036682
5ltn_ligand,108.885132
5lvr_ligand,220.778259
5lwm_ligand,393.394409
5lyr_ligand,273.130188
5lz4_ligand,320.474304
5m04_ligand,298.126495
5lz5_ligand,339.489899
5lz7_ligand,346.178741
5m5d_ligand,271.4272
5m23_ligand,469.754089
5m25_ligand,465.255127
5m17_ligand,271.780228
5m28_ligand,373.46225
5mek_ligand,399.501434
5m7s_ligand,283.485382
5m7u_ligand,364.384827
5meh_ligand,183.685913
5mg2_ligand,331.18219
5mge_ligand,207.739655
5mgf_ligand,173.312744
5mgj_ligand,204.42186
5mes_ligand,478.131531
5mgk_ligand,180.743515
5mlj_ligand,319.047333
5mme_ligand,331.474304
5mmg_ligand,314.953461
5mby_ligand,174.731262
5mkr_ligand,371.652893
5mks_ligand,367.267548
5mn1_ligand,160.001801
5mnn_ligand,189.234283
5mpk_ligand,335.137848
5mpn_ligand,246.704834
5mpz_ligand,197.704895
5mo8_ligand,557.913025
5mqe_ligand,181.274704
5mod_ligand,257.770462
5mwh_ligand,343.639526
5mrb_ligand,532.749298
5mwp_ligand,440.833984
5mwy_ligand,456.876282
5my8_ligand,470.816437
5n1z_ligand,351.674133
5n17_ligand,268.485992
5n18_ligand,296.544647
5n9r_ligand,438.265717
5n6s_ligand,304.060638
5mxf_ligand,169.184052
5n84_ligand,393.902039
5n93_ligand,377.138947
5mz8_ligand,162.365601
5n99_ligand,470.025177
5nap_ligand,397.492004
5nau_ligand,355.755188
5nbw_ligand,315.308228
5ngz_ligand,181.839493
5ndf_ligand,195.076233
5ne5_ligand,219.114929
5neb_ligand,235.124695
5nih_ligand,250.573029
5njz_ligand,377.597839
5nk2_ligand,408.059387
5nk3_ligand,388.143127
5nk4_ligand,387.808167
5nk6_ligand,395.156189
5nk7_ligand,392.77359
5nk8_ligand,436.978882
5nk9_ligand,401.068451
5nka_ligand,414.834045
5nkc_ligand,423.638489
5nkb_ligand,413.748657
5nkd_ligand,422.689972
5nkg_ligand,411.283417
5nlk_ligand,381.214539
5nki_ligand,412.909485
5nkh_ligand,430.515015
5nvv_ligand,391.197357
5nvw_ligand,410.478455
5nvx_ligand,412.599884
5nw0_ligand,422.154816
5nn5_ligand,210.665329
5nw1_ligand,415.928772
5nw2_ligand,416.082672
5nn6_ligand,243.404877
5nwe_ligand,313.261551
5nwi_ligand,430.880768
5nyh_ligand,420.553314
5nz4_ligand,318.504822
5nze_ligand,330.065582
5nzf_ligand,315.009293
5o2d_ligand,395.974594
5o5a_ligand,316.053833
5nzn_ligand,320.022522
5o9o_ligand,504.4888
5o9p_ligand,494.548462
5o9q_ligand,481.303558
5o58_ligand,483.519348
5o9r_ligand,471.031799
5o9y_ligand,515.257568
5odx_ligand,433.281494
5o87_ligand,253.37944
5oei_ligand,225.076187
5oa6_ligand,522.220825
5oaj_ligand,189.764175
5ogb_ligand,389.213959
5obg_ligand,327.05426
5oku_ligand,220.408691
5om3_ligand,318.384308
5om2_ligand,330.282471
5om7_ligand,413.888275
5oot_ligand,398.583496
5ohy_ligand,240.815704
5oht_ligand,240.99823
5op5_ligand,327.875839
5op4_ligand,340.894165
5oq8_ligand,381.177795
5orh_ligand,241.968338
5orv_ligand,212.812973
5org_ligand,301.949234
5oqu_ligand,338.88623
5orw_ligand,258.656021
5os2_ligand,239.63063
5orj_ligand,332.067581
5ork_ligand,307.402496
5os4_ligand,247.256104
5os5_ligand,237.98233
5os7_ligand,348.265594
5os8_ligand,211.180222
5ose_ligand,172.069778
5osl_ligand,204.65036
5ot8_ligand,304.987747
5ot9_ligand,262.399475
5ota_ligand,263.928696
5otc_ligand,250.694458
5ov8_ligand,338.57312
5ovc_ligand,526.276672
5ovp_ligand,462.244781
5oss_ligand,207.545578
5otr_ligand,311.476349
5ost_ligand,220.848663
5otz_ligand,336.59819
5ovv_ligand,472.590332
5ovr_ligand,318.473389
5ovx_ligand,327.403168
5qa8_ligand,181.417679
5owl_ligand,308.281982
5qal_ligand,190.010193
5oxk_ligand,269.134689
5qay_ligand,172.455307
5qqp_ligand,471.890411
5qtt_ligand,512.587219
5t7s_ligand,176.30394
5sym_ligand,444.651245
5sxm_ligand,541.919739
5t9u_ligand,378.728546
5t9w_ligand,350.292664
5t8o_ligand,382.166061
5t8p_ligand,289.538666
5t9z_ligand,374.07312
5tb6_ligand,248.68364
5ta2_ligand,377.820953
5ta4_ligand,381.036041
5t19_ligand,310.627823
5tbe_ligand,542.792664
5tbm_ligand,404.791
5std_ligand,441.401794
5tcj_ligand,304.645996
5tpx_ligand,361.0802
5tkj_ligand,467.461151
5tkk_ligand,508.147339
5tef_ligand,344.485504
5tmp_ligand,661.517242
5twj_ligand,365.137756
5ttw_ligand,404.790222
5u0w_ligand,224.029373
5u6j_ligand,483.453979
5u4b_ligand,295.876495
5u0y_ligand,249.825272
5u0z_ligand,283.960037
5u4d_ligand,309.060577
5u28_ligand,298.55426
5u8c_ligand,385.457336
5u11_ligand,293.84668
5uc4_ligand,318.935211
5u12_ligand,304.576111
5u13_ligand,333.390488
5u14_ligand,390.264099
5ueu_ligand,325.794312
5uf0_ligand,229.602524
5uez_ligand,289.135666
5ucj_ligand,331.038773
5uff_ligand,273.683228
5ufc_ligand,332.144287
5ufp_ligand,418.632248
5ufr_ligand,492.691956
5ula_ligand,267.829742
5ufs_ligand,475.86264
5ulp_ligand,409.10968
5ult_ligand,555.236938
5uoo_ligand,337.881104
5umx_ligand,355.496704
5umy_ligand,428.154327
5uov_ligand,658.828613
5upz_ligand,626.321655
5ut6_ligand,291.687332
5upj_ligand,342.48143
5uk8_ligand,425.137268
5uxf_ligand,484.237366
5v7a_ligand,274.462921
5uv2_ligand,299.748306
5v0n_ligand,615.808868
5upe_ligand,421.387573
5upf_ligand,465.156158
5var_ligand,223.057327
5v79_ligand,337.050034
5v82_ligand,386.549286
5vb5_ligand,609.292969
5vb6_ligand,575.659119
5vb7_ligand,544.081909
5vc3_ligand,451.408508
5vc4_ligand,455.90451
5vcv_ligand,406.856232
5vcw_ligand,430.321777
5vcy_ligand,431.328644
5vcz_ligand,441.29895
5vd0_ligand,459.047211
5vd1_ligand,414.3349
5vd2_ligand,384.632751
5vh0_ligand,244.294495
5vd3_ligand,443.242706
5vm0_ligand,332.986832
5vja_ligand,323.578644
5vih_ligand,320.982895
5vo1_ligand,335.060089
5vij_ligand,330.235001
5vl2_ligand,345.568573
5vyy_ligand,357.286255
5w44_ligand,255.087341
5wa5_ligand,325.430664
5w1e_ligand,190.125015
5wa8_ligand,380.994812
5wa9_ligand,375.640594
5vr8_ligand,476.179199
5wal_ligand,330.715439
5w2s_ligand,312.373276
5we9_ligand,225.171234
5wij_ligand,339.990784
5win_ligand,308.94075
5vsj_ligand,412.083282
5wbm_ligand,295.384521
5wbo_ligand,261.410233
5wlo_ligand,626.518494
5wmg_ligand,362.492188
5wl0_ligand,388.185257
5wp5_ligand,384.17392
5wuk_ligand,314.560272
5x54_ligand,455.321899
5wqc_ligand,452.658051
5x74_ligand,654.676544
5xg5_ligand,172.814728
5xpi_ligand,212.671265
5xmx_ligand,548.508148
5x62_ligand,386.03009
5xo7_ligand,383.052902
5xsr_ligand,328.64238
5y8y_ligand,285.213348
5xva_ligand,388.857269
5y12_ligand,357.845322
5y13_ligand,345.432281
5y94_ligand,282.926941
5wyx_ligand,311.30835
5wyz_ligand,318.418274
5ya5_ligand,365.10257
5yfs_ligand,294.042618
5yft_ligand,291.171799
5yj8_ligand,173.083344
5yas_ligand,170.991882
5ymx_ligand,288.449158
5yh8_ligand,350.091049
5yhe_ligand,342.296097
5yqx_ligand,291.74678
5yhg_ligand,355.20166
5yyf_ligand,559.679749
5yz2_ligand,259.84375
5z7b_ligand,224.683624
5yl2_ligand,464.344635
5z7j_ligand,370.263153
5za7_ligand,270.058304
5z66_ligand,357.671509
5z99_ligand,349.315781
5za8_ligand,276.859863
5zae_ligand,295.674744
5zaf_ligand,277.923981
5zag_ligand,277.798523
5z5f_ligand,186.667725
5zaj_ligand,350.1633
5zc5_ligand,342.895691
5zdb_ligand,496.059204
5zkc_ligand,366.637634
5zhl_ligand,408.811188
5zg1_ligand,357.566528
5zo8_ligand,404.523529
5znc_ligand,394.017044
5zni_ligand,339.919052
6a87_ligand,236.854919
5zyg_ligand,454.283661
5zyl_ligand,481.329529
5zvw_ligand,627.280273
5zym_ligand,471.647186
6ajv_ligand,258.503006
6ajy_ligand,272.757614
6ajr_ligand,133.653107
6ajz_ligand,305.192474
6aox_ligand,258.729416
6arn_ligand,225.053757
6arm_ligand,223.721252
5zw6_ligand,593.49646
6aro_ligand,220.707367
6as8_ligand,296.793762
6aqs_ligand,313.040344
6abx_ligand,189.209702
6ayi_ligand,354.919998
6ayo_ligand,345.477188
6ayq_ligand,342.018021
6ayr_ligand,403.114655
6b4l_ligand,377.739166
6b1k_ligand,283.276505
6ays_ligand,421.460266
6ayt_ligand,393.089233
6b4u_ligand,444.214905
6b5q_ligand,631.089508
6bbx_ligand,471.738464
6b7a_ligand,195.047104
6bhv_ligand,507.762939
6bdy_ligand,344.957489
6b7b_ligand,191.307083
6bm5_ligand,349.997131
6bm6_ligand,328.963745
6c7q_ligand,339.994446
6c0s_ligand,538.245758
6bs3_ligand,327.178238
6c2r_ligand,399.904938
6bs4_ligand,388.740875
6c9s_ligand,446.075531
6cdj_ligand,640.7948
6c9v_ligand,441.279144
6cbf_ligand,288.110794
6cbg_ligand,229.899826
6c85_ligand,123.602287
6cdl_ligand,642.807434
6cjr_ligand,476.598175
6cdp_ligand,599.845276
6cdo_ligand,499.294678
6ckr_ligand,348.204712
6cfc_ligand,385.302856
6cks_ligand,374.859802
6cjs_ligand,474.917938
6cn5_ligand,579.76358
6cq1_ligand,381.1073
6cpw_ligand,651.423035
6chp_ligand,469.561798
6cvf_ligand,278.842621
6cwh_ligand,285.070206
6cwn_ligand,279.468994
6cvv_ligand,223.972229
6ckw_ligand,502.74588
6czb_ligand,176.04187
6czc_ligand,229.975403
6cze_ligand,216.714783
6d3q_ligand,182.382736
6czf_ligand,349.209259
6d5e_ligand,427.459686
6d5g_ligand,426.252747
6d5h_ligand,445.562592
6d5j_ligand,391.528198
6d9x_ligand,234.896027
6d15_ligand,210.250504
6d16_ligand,214.365234
6d17_ligand,211.889908
6d18_ligand,217.530655
6d19_ligand,218.775436
6d9s_ligand,336.848572
6dai_ligand,291.759033
6dak_ligand,327.862823
6d55_ligand,449.94165
6det_ligand,237.199982
6d50_ligand,193.669083
6dar_ligand,395.747192
6d56_ligand,457.765289
6d78_ligand,939.636475
6dh2_ligand,591.799561
6dh1_ligand,568.05011
6dgl_ligand,469.939453
6dh6_ligand,549.38324
6dh7_ligand,569.244843
6dh8_ligand,606.166656
6dif_ligand,592.917938
6dil_ligand,589.749817
6dj1_ligand,647.864807
6dgr_ligand,410.044327
6dj2_ligand,644.91394
6dl2_ligand,286.492294
6dj5_ligand,559.233887
6dj7_ligand,550.078766
6dpt_ligand,327.576675
6dpx_ligand,292.815125
6dpy_ligand,286.580795
6dq4_ligand,376.817932
6dpz_ligand,276.466782
6dy7_ligand,281.270905
6dyn_ligand,173.016129
6dyr_ligand,275.833176
6dys_ligand,313.263657
6dyu_ligand,381.436066
6dyv_ligand,409.043701
6dyw_ligand,457.130157
6dyy_ligand,451.513672
6dzx_ligand,205.812302
6e1y_ligand,383.374207
6dyz_ligand,390.495224
6dz0_ligand,432.101074
6e4a_ligand,341.481842
6e1z_ligand,214.454224
6e5l_ligand,409.566101
6e5t_ligand,346.577408
6dz2_ligand,495.275879
6e6m_ligand,344.141754
6dz3_ligand,479.677063
6e7j_ligand,586.863678
6e9a_ligand,562.825043
6e22_ligand,363.086578
6edr_ligand,311.241241
6e23_ligand,489.82135
6ei5_ligand,383.228455
6e7t_ligand,533.583191
6e7r_ligand,487.384338
6eif_ligand,304.387344
6eiq_ligand,383.58136
6eij_ligand,397.592285
6eiz_ligand,351.735458
6ekq_ligand,284.967163
6eis_ligand,369.325211
6el5_ligand,417.756012
6ej2_ligand,379.832825
6eir_ligand,390.705414
6ej3_ligand,379.419189
6eln_ligand,336.484695
6elo_ligand,363.463806
6elp_ligand,378.999023
6eog_ligand,296.801117
6eol_ligand,296.302948
6epa_ligand,310.642914
6eq2_ligand,179.609673
6eq3_ligand,262.692276
6eq5_ligand,175.726944
6eq7_ligand,245.222488
6ep4_ligand,330.069275
6epz_ligand,314.787506
6eq1_ligand,607.163757
6eqp_ligand,328.557419
6euw_ligand,337.395447
6eqv_ligand,516.803619
6eqw_ligand,538.664215
6eq8_ligand,304.372192
6evn_ligand,384.111511
6exj_ligand,483.07428
6eqx_ligand,638.967346
6eux_ligand,359.194214
6ey8_ligand,367.069092
6ey9_ligand,389.200745
6eyb_ligand,384.776398
6eya_ligand,411.186066
6exs_ligand,341.107391
6f05_ligand,289.922974
6f1n_ligand,437.973389
6eyt_ligand,363.765747
6f9g_ligand,175.481224
6f20_ligand,242.511856
6exi_ligand,296.52562
6ezq_ligand,447.104401
6fa4_ligand,285.352783
6fgg_ligand,228.162018
6fcj_ligand,300.720978
6f90_ligand,212.750626
6faa_ligand,327.426178
6fba_ligand,217.427628
6fmc_ligand,301.982849
6fhk_ligand,398.011139
6fmj_ligand,349.767853
6fh3_ligand,193.799057
6fnf_ligand,523.72641
6fni_ligand,566.375549
6fng_ligand,526.556213
6fo5_ligand,380.745331
6fnj_ligand,518.218384
6fnq_ligand,256.306488
6fnr_ligand,214.690231
6f92_ligand,209.422821
6fs1_ligand,509.085266
6fsy_ligand,299.599289
6ftz_ligand,286.928452
6fs0_ligand,503.523621
6ftf_ligand,331.880142
6fuh_ligand,370.861969
6fui_ligand,385.126312
6ftp_ligand,396.338715
6g2b_ligand,262.617401
6g2c_ligand,272.682983
6fuj_ligand,337.292618
6g2e_ligand,292.711716
6g0z_ligand,303.654449
6g2f_ligand,318.093277
6g2o_ligand,333.82135
6fz4_ligand,245.020554
6g2r_ligand,292.780212
6g2s_ligand,292.269775
6g2m_ligand,418.462646
6g2l_ligand,413.276581
6g3a_ligand,305.46875
6g24_ligand,220.493729
6g25_ligand,254.761292
6g9i_ligand,307.683594
6g14_ligand,312.157471
6g9x_ligand,188.060562
6g27_ligand,287.698837
6g29_ligand,279.824585
6ge7_ligand,435.058411
6g34_ligand,309.52359
6gf9_ligand,399.916077
6g37_ligand,282.433121
6g38_ligand,275.682663
6g39_ligand,303.327026
6gfs_ligand,354.357788
6ghh_ligand,336.853683
6gj6_ligand,299.188675
6gfz_ligand,387.905579
6gj8_ligand,298.454773
6gji_ligand,285.064514
6gjj_ligand,286.979935
6gg4_ligand,226.831039
6ghj_ligand,358.315552
6gjl_ligand,312.607117
6gjm_ligand,288.174774
6gjn_ligand,409.461731
6gjr_ligand,318.345978
6gl8_ligand,472.885284
6gl9_ligand,384.300201
6gla_ligand,380.170166
6glb_ligand,367.840668
6gnm_ligand,262.482178
6gnp_ligand,166.354828
6gnr_ligand,262.398224
6gnw_ligand,238.297516
6gon_ligand,274.880753
6guk_ligand,373.284302
6guc_ligand,280.730698
6guh_ligand,389.573151
6gvz_ligand,328.152557
6gue_ligand,391.279022
6gw4_ligand,322.18988
6gxg_ligand,190.401596
6gzd_ligand,332.794128
6gwr_ligand,536.434448
6gwe_ligand,509.32251
6h1d_ligand,431.359985
6gvf_ligand,346.124588
6h1u_ligand,154.66581
6h2t_ligand,170.819237
6gzm_ligand,358.924667
6h8s_ligand,278.98996
6hai_ligand,847.90271
6hax_ligand,751.751648
6hgf_ligand,337.53923
6hgr_ligand,280.123581
6hgg_ligand,334.691864
6hgi_ligand,313.82547
6hay_ligand,777.925598
6hgs_ligand,294.566147
6hhr_ligand,310.807632
6hh3_ligand,425.004852
6hh5_ligand,437.65152
6hk3_ligand,386.502411
6hk4_ligand,372.708069
6hly_ligand,307.912003
6hpw_ligand,334.560303
6hni_ligand,230.457443
6hm1_ligand,432.154633
6hmg_ligand,279.725281
6hoq_ligand,237.500443
6ht1_ligand,323.767029
6hr2_ligand,753.2276
6hza_ligand,595.055664
6hzb_ligand,579.220154
6hq7_ligand,341.433624
6i0z_ligand,271.800446
6i5g_ligand,374.207825
6i8m_ligand,366.405396
6i8y_ligand,250.352295
6i8t_ligand,350.322418
6hzy_ligand,242.626511
6i11_ligand,363.489075
6i12_ligand,359.099579
6i13_ligand,346.741913
6i14_ligand,387.214264
6i17_ligand,457.026855
6i18_ligand,426.093201
6i61_ligand,333.974945
6i62_ligand,335.134811
6i63_ligand,324.27507
6i64_ligand,305.689346
6i65_ligand,224.535995
6i66_ligand,239.570435
6i67_ligand,230.697357
6iez_ligand,486.40979
6idb_ligand,343.772491
6if0_ligand,494.119659
6idg_ligand,352.645203
6ift_ligand,448.683441
6iht_ligand,262.057419
6ibk_ligand,215.756104
6im4_ligand,593.343811
6ixd_ligand,703.080139
6iou_ligand,143.625923
6ior_ligand,182.694557
6ios_ligand,177.247993
6j0g_ligand,201.647644
6j3o_ligand,295.478821
6j0o_ligand,424.375275
6j3p_ligand,338.495209
6j1l_ligand,555.838959
6j7e_ligand,415.236145
6j9w_ligand,348.254959
6j9y_ligand,347.888885
6jad_ligand,348.699814
6jag_ligand,338.756973
6j72_ligand,397.295319
6jam_ligand,354.855209
6jan_ligand,355.935577
6jao_ligand,356.275604
6jap_ligand,345.124664
6jaq_ligand,200.86528
6jav_ligand,294.073395
6jaw_ligand,261.499405
6jay_ligand,303.74173
6jb0_ligand,338.677368
6jdi_ligand,427.539276
6jb4_ligand,340.256088
6jbb_ligand,327.115646
6jbe_ligand,181.630966
6jdl_ligand,412.39978
6k04_ligand,334.602631
6jon_ligand,333.740967
6jfk_ligand,363.203064
6jof_ligand,367.997437
6k3l_ligand,310.73938
6kjd_ligand,434.766571
6jtc_ligand,237.868896
6md0_ligand,423.334167
6ma2_ligand,341.035858
6ma3_ligand,403.1427
6ma4_ligand,431.641602
6ma5_ligand,352.915527
6mh1_ligand,360.92218
6mh7_ligand,356.099823
6md6_ligand,239.228241
6mku_ligand,241.53656
6mg5_ligand,291.976349
6mkw_ligand,191.712708
6ml9_ligand,238.691467
6mla_ligand,239.403259
6mle_ligand,236.536926
6mlg_ligand,247.954361
6mli_ligand,202.988617
6mlj_ligand,242.075272
6mjf_ligand,403.307709
6mll_ligand,257.115463
6mln_ligand,243.394272
6mlo_ligand,229.502701
6mlp_ligand,187.064407
6mm2_ligand,400.062683
6mqc_ligand,642.561371
6mnc_ligand,324.307068
6mnv_ligand,223.730591
6mqe_ligand,678.105377
6msy_ligand,299.108002
6n3v_ligand,346.932098
6n3w_ligand,372.6026
6n3x_ligand,375.22525
6mxc_ligand,296.447693
6n5x_ligand,114.432053
6n3y_ligand,414.779053
6mu3_ligand,325.436279
6n7a_ligand,393.596954
6n8x_ligand,380.197021
6n7b_ligand,380.791199
6n7d_ligand,384.392456
6mub_ligand,343.267914
6n78_ligand,411.129211
6n79_ligand,389.320724
6ncn_ligand,212.572006
6nco_ligand,293.850464
6ne5_ligand,576.099762
6ndl_ligand,554.937866
6nfh_ligand,367.525299
6nmb_ligand,197.9263
6no9_ligand,425.851624
6np2_ligand,410.488342
6nsv_ligand,510.293549
6np3_ligand,410.765778
6nfy_ligand,350.77359
6nv7_ligand,637.142212
6nu1_ligand,169.693451
6nv9_ligand,681.674347
6nwk_ligand,418.46167
6nu5_ligand,168.137695
6nw3_ligand,681.281006
6nxz_ligand,158.226883
6o0k_ligand,615.443604
6nwl_ligand,405.471527
6ny0_ligand,162.731339
6o0m_ligand,610.478577
6nyv_ligand,318.780121
6o0o_ligand,471.965454
6o0p_ligand,613.911133
6o5a_ligand,774.380066
6o5x_ligand,799.648743
6o5u_ligand,398.969788
6o48_ligand,766.099792
6o9c_ligand,816.680054
6o94_ligand,507.770691
6olx_ligand,376.998199
6oja_ligand,210.726974
6o95_ligand,411.37326
6oqb_ligand,494.92511
6oqc_ligand,493.410522
6oqd_ligand,487.075928
6orr_ligand,601.013397
6om8_ligand,493.987885
6ooy_ligand,338.740219
6otg_ligand,568.033142
6p9e_ligand,373.49646
6p5o_ligand,221.113785
6p3v_ligand,347.987366
6p8a_ligand,414.962036
6ouv_ligand,518.939789
6p3t_ligand,359.015808
6p83_ligand,352.966339
6p84_ligand,335.149689
6p85_ligand,329.964249
6pg3_ligand,219.931885
6p87_ligand,377.896484
6p86_ligand,399.633148
6p88_ligand,361.021423
6pg4_ligand,184.013794
6p89_ligand,354.365967
6pg5_ligand,335.227844
6pg6_ligand,276.831726
6pg7_ligand,317.529099
6pg8_ligand,285.781296
6pg9_ligand,308.736496
6pga_ligand,284.78334
6pgb_ligand,323.245697
6pgc_ligand,351.348206
6pge_ligand,263.799637
6pi5_ligand,186.821381
6pi6_ligand,285.367065
6poi_ligand,275.7827
6pl1_ligand,491.593964
6phx_ligand,387.610199
6prf_ligand,603.057251
6plf_ligand,367.76825
6pve_ligand,617.222656
6pvv_ligand,285.861511
6pvw_ligand,270.24295
6pu3_ligand,328.199188
6pvz_ligand,281.519653
6q3y_ligand,349.833099
6ppy_ligand,378.110367
6q3q_ligand,498.132935
6py0_ligand,384.583496
6q3z_ligand,374.297028
6q4e_ligand,195.46199
6q4g_ligand,304.09523
6qas_ligand,383.396057
6qe0_ligand,439.830353
6qge_ligand,320.868134
6qgf_ligand,302.277649
6qe5_ligand,418.522919
6qau_ligand,453.399414
6qgg_ligand,638.687256
6qav_ligand,450.488525
6qgh_ligand,743.071655
6qi4_ligand,216.577682
6qln_ligand,265.369934
6qlo_ligand,270.065979
6qlp_ligand,272.694946
6qlq_ligand,262.92688
6qlr_ligand,270.822479
6qi7_ligand,334.026825
6qls_ligand,275.980286
6qlt_ligand,265.628265
6qlu_ligand,276.263824
6qpl_ligand,279.934509
6qmj_ligand,402.283661
6qmk_ligand,409.822784
6qqq_ligand,377.555069
6qqu_ligand,269.490799
6qqv_ligand,352.871552
6qqw_ligand,357.283127
6qqz_ligand,370.217682
6qr0_ligand,372.704178
6qr1_ligand,376.012268
6qr2_ligand,378.012573
6qr3_ligand,387.662292
6qr4_ligand,379.220474
6qr7_ligand,415.57077
6qr9_ligand,411.763794
6qz5_ligand,356.796936
6quv_ligand,250.353287
6r8l_ligand,441.876648
6qrc_ligand,375.429581
6r8o_ligand,440.262238
6r1b_ligand,254.188721
6r8w_ligand,404.615479
6r9u_ligand,253.23204
6r9x_ligand,276.537964
6rnt_ligand,221.866684
6rot_ligand,438.713257
6s4n_ligand,573.312256
6rtw_ligand,544.267578
6s4t_ligand,597.155609
6rih_ligand,293.903259
6s56_ligand,326.695587
6r4k_ligand,306.594299
6s5k_ligand,548.455719
6s57_ligand,383.900848
6sge_ligand,434.324402
6ssy_ligand,149.273659
6st0_ligand,208.342087
6stl_ligand,149.623749
6sbt_ligand,265.388672
6t1i_ligand,290.803864
6t1j_ligand,308.093475
6szp_ligand,284.174194
6t1l_ligand,303.808472
6t1m_ligand,322.665497
6t1n_ligand,323.279785
6t1o_ligand,325.292175
6u5y_ligand,376.316162
6ud2_ligand,554.200653
6u6w_ligand,289.91275
6u8b_ligand,298.72052
6u8o_ligand,330.248657
6udi_ligand,497.055695
6udt_ligand,485.70752
6std_ligand,393.479248
6udu_ligand,484.145966
6udv_ligand,493.38797
6upj_ligand,333.12735
7upj_ligand,481.128723
8a3h_ligand,305.080582
6ueg_ligand,325.825165
184l_ligand,224.941483
185l_ligand,178.069946
10gs_ligand,396.07132
186l_ligand,223.622009
187l_ligand,198.383415
7std_ligand,385.80304
188l_ligand,190.470497
